Institución Padre,Dirección,Comuna,Región,Coordenadas Geográficas,Rubro de gasto,Periodo,Gasto
CENTRO REFERENCIAL DE SALUD DR SALVADOR ALLENDE GOSSENS,Teniente Cruz 800 - PUDAHUEL,Pudahuel,Región Metropolitana de Santiago,"-33.44534655,-70.74119011102081",REQ 110 PAPEL FOTOCOPIA FEBRERO-MARZO,Febrero/2024,1949280
CORP ADMINISTRATIVA DEL PODER JUDICIAL,Calle Carrera N° 450,,,"39.2777491,-1.395879",Compra Papel Fotocopia CAPJ Punta Arenas 2183-2-CM24,Enero/2024,4150720
I MUNICIPALIDAD DE CALAMA,VICUÑA MACKENNA 2001,Calama,Región de Antofagasta ,"-22.4634382,-68.92573347389403",COMPRA RESMAS PAPEL MULTIUSO M-28/2024 (Orden de Compra: 2385-40-CM24),Enero/2024,16398200
I MUNICIPALIDAD DE CALERA DE TANGO,Av. Calera de Tango 345,Calera De Tango,Región Metropolitana de Santiago,"-33.6306199,-70.76159311969573","COMPRA DE PAPEL RESMA TAMAÑO OFICIO,Orden de Compra: 3658-8-CM24",Enero/2024,1713064
I MUNICIPALIDAD DE CANETE,ARTURO PRAT 220 ,Cañete,Región del Biobío ,"-37.79972,-73.3991188",CONVENIO SUMINISTRO SERVS. IMPRESIÓN Y PAPELERÍA/ORDEN DE COMPRA DESDE 4020-1-LE24,Enero/2024,41391
I MUNICIPALIDAD DE CANETE,ARTURO PRAT 220 ,Cañete,Región del Biobío ,"-37.79972,-73.3991188",CONVENIO SUMINISTRO SERVS. IMPRESIÓN Y PAPELERÍA/ORDEN DE COMPRA DESDE 4020-1-LE24,Enero/2024,7677285
I MUNICIPALIDAD DE COBQUECURA,CHACABUCO 315,Cobquecura,Región del Ñuble,"-36.1316875,-72.7925312",RESMAS DE PAPEL ESTABLECIMIENTOS EDUCACIONALES,Enero/2024,3382158
I MUNICIPALIDAD DE CURICO,Estado  279,,,"-34.98554105,-71.23854218545901","Adquisición de resmas papel fotocopia Carta y Oficio, necesario para Stock Bodega",Enero/2024,5564440
I MUNICIPALIDAD DE CURICO,,Curicó,Región del Maule ,"-34.98554105,-71.23854218545901",80577 RESMAS DE PAPEL LICEO ZAPALLAR DE CURICÓ  por invitación a compra ágil: 2440-63-COT24,Enero/2024,1692418
I MUNICIPALIDAD DE CURICO,,Curicó,Región del Maule ,"-34.98554105,-71.23854218545901",80528 RESMAS DE PAPEL ESCUELA LA OBRA DE CURICÓ  por invitación a compra ágil: 2440-33-COT24,Enero/2024,604520
I MUNICIPALIDAD DE LINARES,,Linares,Región del Maule ,"-35.5953791,-71.73159",COMPRA DE RESMAS DE PAPEL CARTA Y OFICIO PARA ESC. F-482 GRACIELA LETELIER ,Enero/2024,1523438
I MUNICIPALIDAD DE LLANQUIHUE,,Llanquihue,Región de los Lagos ,"-41.2565319,-73.0056137","ADQUISICIÓN RESMAS DE PAPEL OFICIO, CARTA Y CARTON HILADO PARA OFICINA TIC DEL DEPTO. DE SALUD",Enero/2024,826812
I MUNICIPALIDAD DE LOS ANGELES,,Los Angeles,Región del Biobío ,"-37.47112635,-72.35064063866517", ADQ DE RESMAS DE PAPEL PARA STOCK BODEGA DAEM  ,Enero/2024,1511300
I MUNICIPALIDAD DE MAFIL,,Máfil,Región de Los Ríos,"-39.6646519,-72.95367349426073",Papel para impresion Escuela Alabama - compra ágil: 3631-21-COT24,Enero/2024,614040
I MUNICIPALIDAD DE NACIMIENTO,,Nacimiento,Región del Biobío ,"-37.5021632,-72.67436659653994",Papel tamaño oficio y carta,Enero/2024,174359
I MUNICIPALIDAD DE PADRE LAS CASAS,Ramberga 760 ,Padre Las Casas,Región de la Araucanía ,"-38.77338615,-72.59711090989668",ADQ. PAPEL DE IMPRESIÓN PARA EL DAEM (FDOS. SEP),Enero/2024,1612712
I MUNICIPALIDAD DE PALMILLA,,Palmilla,Región del Libertador General Bernardo O´Higgins,"-34.59772815,-71.36362340411176",ADQUISCION DE RESMAS PAPEL IMPRESION,Enero/2024,569058
I MUNICIPALIDAD DE PENCO,O'Higgins # 500,Penco,Región del Biobío ,"-36.739382250000006,-72.99285203159288",PAPEL FOTOCOPIA CARTA Y OFICIO (P.09)Orden de Compra: 4494-5-CM24,Enero/2024,2724624
I MUNICIPALIDAD DE PUERTO VARAS,"Del Salvador 320, Cuarto piso, Puerto Varas",Puerto Varas,Región de los Lagos ,"-41.3173803,-72.9845667",COMPRA RESMAS PAPEL Y TECLADOS DISAM PTO VARAS,Enero/2024,1013832
I MUNICIPALIDAD DE QUINCHAO,,Quinchao,Región de los Lagos ,"-42.4711142,-73.4885537",RESMAS PAPEL STOCK OFICINAS MUNICIPALIDAD,Enero/2024,694960
I MUNICIPALIDAD DE SAAVEDRA,18 de Septiembre # 554,Puerto Saavedra,Región de la Araucanía ,"-38.7923313,-73.3959172783686",Papel de impresión. Bodega General,Enero/2024,2003960
I MUNICIPALIDAD DE SAN IGNACIO,,San Ignacio,Región del Ñuble,"-36.799099,-72.0295793","RESMAS DE PAPEL MULTIPROPÓSITO, PARA DEPARTAMENTO DE SALUD, Orden de Compra generada por invitación a compra ágil: 3747-18-COT24",Enero/2024,825265
I MUNICIPALIDAD DE SAN PEDRO DE LA PAZ,"LOS ACACIOS  43, VILLA SAN PEDRO",San Pedro de La Paz,Región del Biobío ,"-36.84142335,-73.10317815295062",SDA 2695 Y 2700/ RESMAS PAPEL FOTOCOPIA DIRECCION DE TRANSITO,Enero/2024,684250
I MUNICIPALIDAD DE SAN PEDRO DE LA PAZ,"LOS ACACIOS  43, VILLA SAN PEDRO",San Pedro de La Paz,Región del Biobío ,"-36.84142335,-73.10317815295062",SDA 2683 RESMAS PAPEL PARA BODEGA - ENTREGAS PARCIALIZADAS MENSUALES,Enero/2024,4878643
I MUNICIPALIDAD DE SAN VICENTE,,San Vicente de Tagua Tagua,Región del Libertador General Bernardo O´Higgins,"-34.4392721,-71.07616568514135","PAPEL FOTOCOPIA TAMAÑO OFICIO-CARTA, PARA STOCK BODEGA UNIDAD DE COMPRAS, SEGÚN  compra ágil: 1050283-38-COT24",Enero/2024,1476374
I MUNICIPALIDAD DE TIRUA,,Tirúa,Región del Biobío ,"-38.3442095,-73.4934201",Adq.Papel Fotocopia Esc.Casa de Piedra Fond Inte2024,Enero/2024,1287937
I MUNICIPALIDAD DE VICUNA,Chacabuco 502 ,Vicuña,Región de Coquimbo ,"-30.0335973,-70.7135638",ADQUISICION RESMAS DE PAPEL PARA DEPTO DE EDUCACION MUNICIPAL VICUÑA (SEP),Enero/2024,4984315
I MUNICIPALIDAD DE VILLARRICA,"General Urrutia N°375, DAEM",Villarrica,Región de la Araucanía ,"-39.2834528,-72.22640737221154","Adquisición de papel Fotocopia tamaño Oficio y Carta para la Escuela Voipir de Ñancul, Fondos SEP",Enero/2024,1970283
CORP ADMINISTRATIVA DEL PODER JUDICIAL,"Huérfanos 1409, piso 19",Santiago,Región Metropolitana de Santiago,"0,0",Compra de resmas de papel para Stock Bodega ,Febrero/2024,6943650
CORP ADMINISTRATIVA DEL PODER JUDICIAL,,Puerto Montt,Región de los Lagos ,"0,0",MATERIALES DE OFICINA (PAPEL TAMAÑO OFICIO),Febrero/2024,187211
CORP MUNICIPAL DE EDUC SALUD CULTURA Y RECREACION DE LA FLORIDA,"Serafín Zamora N° 6600, La Florida",La Florida,Región Metropolitana de Santiago,"-33.5156067,-70.5885033",ADQUISICIÓN RESMA DE PAPEL CARTA Y OFICIO PARA LA CORPORACIÓN MUNICIPAL DE LA FLORIDA (COMUDEF).,Febrero/2024,43066100
FONDO NACIONAL DE SALUD,BLANCO  N°1131 OFICINA 21 ,Valparaíso,Región de Valparaíso ,"-34.9848391,-71.2385286",Resmas de Papel Orden de Compra: 839-2-CM24,Febrero/2024,3668175
I MUNICIPALIDAD DE CATEMU,,Catemu,Región de Valparaíso ,"-32.7787138,-70.9630788",Resmas de Papel Oficio y Carta compra ágil: 4283-6-COT24,Febrero/2024,590240
I MUNICIPALIDAD DE CURICO,,Curicó,Región del Maule ,"-34.98554105,-71.23854218545901",80296 RESMAS DE PAPEL CARTA Y OFICIO ESCUELA PADRE HURTADO DE CURICÓ  por invitación a compra ágil: 2440-80-COT24,Febrero/2024,650930
I MUNICIPALIDAD DE LONGAVI,"1 Norte, esquina 3 Poniente S/N, Longaví ",Longaví,Región del Maule ,"-35.9665705,-71.68415912678323",RESMAS DE PAPEL DAEM LONGAVI,Febrero/2024,1649518
I MUNICIPALIDAD DE MOSTAZAL,LUCO 400,Mostazal,Región del Libertador General Bernardo O´Higgins,"-33.98006625,-70.71155859430769",COMPRA DE PAPEL CARTA,Febrero/2024,2097732
I MUNICIPALIDAD DE PANQUEHUE,,Panquehue,Región de Valparaíso ,"-32.7705025,-70.8352998",PAPEL PARA FOTOCOPIA ,Febrero/2024,142836
I MUNICIPALIDAD DE PICHIDEGUA,"CALLE CHORRILLOS 46, COMUNA DE PICHIDEGUA, SEXTA REGION. DEPARTAMENTO DE SALUD MUNICIPAL",Pichidegua,Región del Libertador General Bernardo O´Higgins,"-34.35838195,-71.28310430419519",ID: 3946-71-CM24 Compra de Resmas de Papel para la Municipalidad de Pichidegua.,Febrero/2024,1143471
I MUNICIPALIDAD DE SALAMANCA,,Salamanca,Región de Coquimbo ,"-31.781005550000003,-70.96590110000001",RESMAS DE PAPEL OFICIO Y CARTA CESFAM CHILLEPIN compra ágil: 3688-25-COT24,Febrero/2024,428698
I MUNICIPALIDAD DE SAN PEDRO DE LA PAZ,,San Pedro de La Paz,Región del Biobío ,"-36.84142335,-73.10317815295062", SDA 2791/ RESMAS PAPEL TAMAÑO OFICIO Y CARTA PARA JPL (compra ágil 2785-57-COT24),Abril/2024,439348
I MUNICIPALIDAD DE TEMUCO,,Temuco,Región de la Araucanía ,"-38.7397933,-72.5909289",S6 SEP - ADQ. DE RESMAS DE PAPEL OFICIO PARA ESCUELA LABRANZA ORD N°15 Orden de Compra generada por invitación a compra ágil: 5060-14-COT24,Febrero/2024,1220345
I MUNICIPALIDAD DE TIERRA AMARILLA,,Tierra Amarilla,Región de Atacama ,"-27.481677050000002,-70.26654501796801",ARCHIVADORES Y CAJAS DE RESMAS PAPEL ,Febrero/2024,789833
I MUNICIPALIDAD DE TUCAPEL,,Tucapel,Región del Biobío ,"-37.24030085,-71.94019864386175",O.a compra ágil: 3305-58-COT24 RESMAS DE PAPEL PARA LOS ALUMNOS DE LA ESCUELA LOS AVELLANOS DE POLCURA.,Febrero/2024,1207910
I MUNICIPALIDAD DE TUCAPEL,"Diego Portales N°258, Huepil",Tucapel,Región del Biobío ,"-37.24030085,-71.94019864386175",Orden de Compra: 3305-47-CM24 RESMAS DE PAPEL PARA ALUMNOS LICEO DE TUCAPEL.,Febrero/2024,2107609
I MUNICIPALIDAD DE VALLENAR,,Vallenar,Región de Atacama ,"-28.5745602,-70.7613728",Orden de Compra generada por invitación a compra ágil: 2322-22-COT24.   Compra de resma de papel para distintas direcciones municipales ,Febrero/2024,1484466
I MUNICIPALIDAD DE YUMBEL,,Yumbel,Región del Biobío ,"-37.0978413,-72.561378","Remas de papel oficio y carta, papel fotográfico y otros para EPK",Febrero/2024,310778
I MUNICIPALIDAD DE YUMBEL,OHIGGINS N° 851 YUMBEL,Yumbel,Región del Biobío ,"-37.0978413,-72.561378",Resmas de papel para LRC,Febrero/2024,743393
I MUNICIPALIDAD DE YUMBEL,OHIGGINS N° 851 YUMBEL,Yumbel,Región del Biobío ,"-37.0978413,-72.561378",Resmas de papel para LGG,Febrero/2024,1718598
I MUNICIPALIDAD VALDIVIA,,Valdivia,Región de Los Ríos,"-39.812843099999995,-73.24694851875219"," 1, SP.93833, GESTION, DAEM, ADQ. 50 RESMAS PAPEL 500 HOJAS TAMAÑO CARTA.  Orden de Compra generada por invitación a compra ágil: 2280-14-COT24",Febrero/2024,215926
I MUNICIPALIDAD VALDIVIA,,Valdivia,Región de Los Ríos,"-39.812843099999995,-73.24694851875219"," 2 SP 94115, DAEM, SEP, ADQUISICIÓN RESMAS DE PAPEL TAMAÑO OFICIO. OFERTA DEBE INCLUIR COTIZACIÓN FORMAL QUE INDIQUE, PLAZO DE ENTREGA. PRECIO Y FLETE A DESTINO Orden de Compra generada por invitación a compra ágil: 2280-15-COT24",Febrero/2024,407218
I MUNICIPALIDAD VALDIVIA,,Valdivia,Región de Los Ríos,"-39.812843099999995,-73.24694851875219"," 1, SP.93938, SEP, ESCUELA RURAL CASA BLANCA, ADQ. RESMAS PAPEL TAMAÑO OFICIO Y CARTA.  Orden de Compra generada por invitación a compra ágil: 2280-24-COT24",Febrero/2024,104791
I.MUNICIPALIDAD DE CERRO NAVIA,DEL CONSISTORIAL 6645 CERRO NAVIA.,Cerro Navia,Región Metropolitana de Santiago,"-33.434346950000005,-70.7290315444265",Resmas de papel ,Febrero/2024,4181303
Ilustre Municipalidad de Yerbas Buenas,Avda. Centenario 101,Yerbas Buenas,Región del Maule ,"-35.7477097,-71.5828535",RESMAS DE PAPEL PARA DAEM,Febrero/2024,619752
POLICIA DE INVESTIGACIONES DE CHILE,Prat 19,Temuco,Región de la Araucanía ,"-36.615961850000005,-72.11605083696296",OC 3290-43-CM24 RESMAS PAPEL OFICIO REPOL ARAUCANÍA,Marzo/2024,7997109
SERVICIO DE REGISTRO CIVIL E IDENTIFICACION,Huerfanos 1570 - PISO 2. Santiago Centro,Santiago,Región Metropolitana de Santiago,"-33.438788,-70.66147054127686",Resmas de Papel Tamaño Oficio y Carta. Orden de Compra: 1360-13-CM24.,Febrero/2024,14998510
FUERZA AEREA DE CHILE COMANDO LOGISTICO,,Pudahuel,Región Metropolitana de Santiago,"-33.49138405,-70.7010048713825",GM007 Papel de fotocopia 5196-65-COT24,Febrero/2024,123290
I MUNICIPALIDAD DE CALAMA,,Calama,Región de Antofagasta ,"-22.4634382,-68.92573347389403",PAPEL DE IMPRESION (Compra ágil: 2385-48-COT24),Febrero/2024,504084
I MUNICIPALIDAD DE TEMUCO,Prat  0130  Temuco,Temuco,Región de la Araucanía ,"-38.7397933,-72.5909289","S32 SEP ADQUISICIÓN DE RESMAS DE PAPEL OFICIO Y CARTA, MILLARAY (ORD N°10)",Febrero/2024,1491784
CORP ADMINISTRATIVA DEL PODER JUDICIAL,"Edificio Plaza Poniente, Calle Uno Poniente N°1258, Piso 10",Talca,Región del Maule ,"0,0",COMPRA DE PAPEL OFICIO FOTOCOPIADORAS ,Febrero/2024,2004555
DELEGACIÓN PRESIDENCIAL REGIONAL DE LOS LAGOS,,Puerto Montt,Región de los Lagos ,"-42.4820754,-73.76553340612708", Adquisición resmas de papel tamaño oficio. Delegación Presidencial Regional.,Febrero/2024,244902
DELEGACIÓN PRESIDENCIAL REGIONAL DE LOS LAGOS,,Puerto Montt,Región de los Lagos ,"-42.4820754,-73.76553340612708",Adquisición resmas de papel tamaño carta. Delegación Presidencial.,Febrero/2024,145656
DIRECCION DE ABASTECIMIENTO DE LA ARMADA,AVENIDA GRUMETE TELLEZ S/N,Talcahuano,Región del Biobío ,"0,0",PAPEL FOTOCOPIA 3156-126-CM24,Febrero/2024,8200483
I MUNICIPALIDAD DE CORONEL,,Coronel,Región del Biobío ,"-37.0294737,-73.14622918699935",ESC. RAFAEL SOTOMAYOR - RESMAS PAPEL ,Febrero/2024,603508
I MUNICIPALIDAD DE LEBU,,Lebu,Región del Biobío ,"-37.6109586,-73.6561279",RESMAS DE PAPEL FOTOCOPIA PARA ESC. F-788/VER DESPACHO,Febrero/2024,604520
I MUNICIPALIDAD DE LOS ALAMOS DEPTO COMUNAL,Luis Saez Mora 509,Los Alamos,Región del Biobío ,"-37.6266115,-73.4609456",TINTAS Y PAPEL FOTOCOPIA,Febrero/2024,1387540
I MUNICIPALIDAD DE LOS ALAMOS DEPTO COMUNAL,Luis Saez Mora 509,Los Alamos,Región del Biobío ,"-37.6266115,-73.4609456",TINTAS Y PAPEL FOTOCOPIA,Febrero/2024,1616198
I MUNICIPALIDAD DE LOS ALAMOS DEPTO COMUNAL,Luis Saez Mora 509,Los Alamos,Región del Biobío ,"-37.6266115,-73.4609456","TINTAS, TONER Y PAPEL FOTOCOPIA",Febrero/2024,5277650
I MUNICIPALIDAD DE TEMUCO,Prat  0130  Temuco,Temuco,Región de la Araucanía ,"-38.7397933,-72.5909289","S11.ADQ DE MATERIALES DE OFICINA ( RESMAS PAPEL REGLAS, TIJERAS, ETC) PARA DPTO DE EDUCACION..FONDOS ADM CENTRAL SEP..Orden de Compra: 5060-16-CM24",Febrero/2024,2264588
Ilustre Municipalidad de Ranquil,Manuel Matta  440,Ranquil,Región del Ñuble,"-36.6046813,-72.5343925",COMPRA RESMAS DE PAPEL PARA DAEM Y E.E. RANQUIL,Febrero/2024,3953549
MUNICIPALIDAD DE LOS ANDES,ESMERALDA N° 536 LOS ANDES,Los Andes,Región de Valparaíso ,"-38.932738549999996,-72.03295800911474",Resmas de Papel Oficio ,Febrero/2024,2529702
COMANDO DE APOYO A LA FUERZA,Av. Libertador Bernando O'Higgins N 1449 TORRE 3 PISO 7,Santiago,Región Metropolitana de Santiago,"0,0",ADQUISICION DE RESMAS DE PAPEL PARA LA JEAFOSALE,Abril/2024,2789955
CORP MUNICIPAL DE SERVICIOS Y DESARROLLO,Av. Pajaritos N° 2756 (Administración Central Codeduc),Maipú,Región Metropolitana de Santiago,"0,0",SC-49619/SEP/RESMAS DE PAPEL TAMAÑO CARTA Y OFICIO/LICEO NACIONAL DE MAIPU/JFM.,Abril/2024,3996248
I MUNICIPALIDAD DE CODEGUA,"O""higgins 376",Codegua,Región del Libertador General Bernardo O´Higgins,"-34.0389815,-70.6670417","Adquisición de Resmas de Papel para el funcionamiento de los establecimientos educacionales de la comuna de codegua, con cargo a la Ley 20.248 y Subvención General DAEM  ",Abril/2024,4625405
I MUNICIPALIDAD DE CORONEL,,Coronel,Región del Biobío ,"-37.0294737,-73.14622918699935",ESC. ROSA YAÑEZ - PAPEL FOTOCOPIADO,Abril/2024,213563
I MUNICIPALIDAD DE CURACAUTIN,Arturo Prat 336,,,"-38.4380565,-71.8879024",COMPRA RESMAS PAPEL DAEM,Abril/2024,1526056
I MUNICIPALIDAD DE CURANILAHUE,Cardenio Avello 720,Curanilahue,Región del Biobío ,"-37.47802385,-73.34371280155563","ADQUISICION DE RESMAS DE PAPEL PARA REPRODUCCION DE DOCUMENTOS PARA ALUMNOS DEL LICEO MARIANO LATORRE, FONDOS SEP",Abril/2024,2248386
I MUNICIPALIDAD DE GRANEROS,"Plaza de Armas S/N, Graneros",,,"-34.0644816,-70.72596801489823",RESMAS PAPEL CARTA  Y OFICIO PARA COLEGIOS MUNICIPALES,Abril/2024,7728657
I MUNICIPALIDAD DE ILLAPEL,Constitución #24,Illapel,Región de Coquimbo ,"-31.6333804,-71.1681965","IMPRESIONES  PAPELERIA, PROGRAMA ILLAPEL TE CUIDA",Abril/2024,163363
I MUNICIPALIDAD DE PADRE LAS CASAS,,Padre Las Casas,Región de la Araucanía ,"-38.77338615,-72.59711090989668",ADQUISICIÓN RESMAS PAPEL OFICIO Y CARTA. SENAMA CENTRO DIURNO PERSONAS MAYORES PU KIMCHE ÑI RUKA compra ágil: 2546-224-COT24,Abril/2024,334128
I MUNICIPALIDAD DE PRIMAVERA,,Primavera,Región de Magallanes y de la Antártica,"-52.7740375,-69.2873616",Compra de 120 resmas de papel tamaño oficio,Abril/2024,583624
I MUNICIPALIDAD DE PUTAENDO,AV. ALESSANDRI 196,Putaendo,Región de Valparaíso ,"-32.6263021,-70.7160814",COMPRA DE PAPEL OFICIO,Abril/2024,69900
I MUNICIPALIDAD DE QUILLECO,J. M. CARRERA N° 460,Quilleco,Región del Biobío ,"-37.4701516,-71.9797915","PAPEL FOTOCOPIADORA, LICEO FRANCISCO BASCUÑAN G",Abril/2024,2632161
I MUNICIPALIDAD DE RENGO,,Rengo,Región del Libertador General Bernardo O´Higgins,"-34.40839045,-70.86363184493334",PAPEL FOTOCOPIA ESCUELA LOS CHOAPINOS,Abril/2024,348551
I MUNICIPALIDAD DE RIO NEGRO,,Río Negro,Región de los Lagos ,"-40.7959475,-73.2170768",RESMAS DE PAPEL CARTA Y OFICIO STOCK BODEGA MUNICIPAL generada por invitación a compra ágil: 450-65-COT24,Abril/2024,802536
I MUNICIPALIDAD DE SAN PABLO,Bolivia 498,San Pablo,Región de los Lagos ,"-33.446576500000006,-70.74205082203748",RESMAS DE PAPEL  FOTOCOPIA PARA LICEO F.P.ROYO,Abril/2024,2811196
I MUNICIPALIDAD DE TALCA,DIRECCION COMUNAL DE EDUCACION MUNICIPAL 4 ORIENTE N°	1280 TALCA,Talca,Región del Maule ,"-35.4257615,-71.66543442233423",PAPEL IMPRESION CARTA - SEP - ESCUELA AURORA DE CHILE,Abril/2024,1719550
I MUNICIPALIDAD DE TALCA,DIRECCION COMUNAL DE EDUCACION MUNICIPAL 4 ORIENTE N°	1280 TALCA,Talca,Región del Maule ,"-35.4257615,-71.66543442233423",PAPEL IMPRESION CARTA Y OFICIO - LEY SEP - ESCUELA ESPERANZA,Abril/2024,921655
I MUNICIPALIDAD DE TALCA,DIRECCION COMUNAL DE EDUCACION MUNICIPAL 4 ORIENTE N°	1280 TALCA,,,"-35.4257615,-71.66543442233423",PAPEL IMPRESION ESCUELA CARLOS SALINAS LAGOS // SEP // Orden de Compra: 2294-173-CM24,Abril/2024,5468050
I MUNICIPALIDAD DE TALCA,DIRECCION COMUNAL DE EDUCACION MUNICIPAL 4 ORIENTE N°	1280 TALCA,Talca,Región del Maule ,"-35.4257615,-71.66543442233423",PAPEL IMPRESION ESCUELA FELIPE CUBILLOS BRILLA EL SOL // SEP // Orden de Compra: 2294-264-CM24,Abril/2024,670541
I MUNICIPALIDAD DE TEMUCO,,Temuco,Región de la Araucanía ,"-38.7397933,-72.5909289",S23-SEP. ADQ. DE RESMAS DE PAPEL PARA ESC.LABRANZA ORD N°16,Abril/2024,1163344
ILUSTRE MUNICIPALIDAD DE RETIRO,,Retiro,Región del Maule ,"-36.057624,-71.7656583",RESMAS DE PAPEL PARA UNIDAD ECONOMATO,Abril/2024,872508
MINISTERIO DE BIENES NACIONALES,,Puerto Montt,Región de los Lagos ,"-33.4432519,-70.64647013760111",resmas de papel oficio,Abril/2024,333219
Municipalidad de Gorbea, Blanco Encalada 995	,Gorbea,Región de la Araucanía ,"-39.1023675,-72.6754981",RESMAS DE PAPEL PARA LA ESCUELA LOS PERALES,Abril/2024,805749
CORP ADMINISTRATIVA DEL PODER JUDICIAL,,Curicó,Región del Maule ,"0,0",Rollos de papel para impresora térmica,Abril/2024,32130
COMANDO DE APOYO A LA FUERZA,Padre Hurtado 19013,San Bernardo,Región Metropolitana de Santiago,"-33.5673051,-70.8020467",LP- RESMA DE PAPEL OFICIO,Mayo/2024,2822561
CORP MUNICIPAL DE SERVICIOS Y DESARROLLO,,Maipú,Región Metropolitana de Santiago,"0,0", SC-49725/SEP/RESMAS DE PAPEL BLANCO/ESCUELA LAS AMERICAS/N.P.S,Mayo/2024,225695
CORP NACIONAL FORESTAL,,Valdivia,Región de Los Ríos,"0,0",JAD/COS.PROP.-OPV/PAPEL TAMAÑO CARTA/SAE-81,Mayo/2024,359975
I MUNICIPALIDAD DE LAUTARO,,Lautaro,Región de la Araucanía ,"-38.5338143,-72.43578123564073",CAJAS DE RESMAS DE PAPEL PARA IMPRESIÓN DE CECOSF PILLANLELBUN,Mayo/2024,1261043
SUPERINTENDENCIA DE SEGURIDAD SOCIAL,"Huérfanos N° 1376, piso 5°",Santiago Centro,Región Metropolitana de Santiago,"-33.4404619,-70.6534372","SC 3207 UGDI, Compra Resma Papel carta y oficio",Mayo/2024,1069274
I MUNICIPALIDAD DE LOS ANGELES,CAUPOLICAN 399,Los Angeles,Región del Biobío ,"-37.47112635,-72.35064063866517",ADQ. PAPEL IMPRESION  PARA ESCUELA D-932,Mayo/2024,3371508
I MUNICIPALIDAD DE SAN MIGUEL,,San Miguel,Región Metropolitana de Santiago,"-33.4858114,-70.6496978914698",RESMAS DE PAPEL TAMAÑO CARTA Y OTROS - DEPORTES N° 18 ,Mayo/2024,206916
ILUSTRE MUNICIPALIDAD DE COLBUN,CALLE ADOLFO NOVOA 419,Colbún,Región del Maule ,"-35.6969121,-71.4017404",Papel fotocopia para la Escuela San Juna y Escuela Paso Rari ,Mayo/2024,1264375
CORP ADMINISTRATIVA DEL PODER JUDICIAL,,Puerto Montt,Región de los Lagos ,"0,0",MATERIALES DE OFICINA (Papel tamaño Oficio),Mayo/2024,170884
DELEGACIÓN PRESIDENCIAL REGIONAL DE LOS LAGOS,,Puerto Montt,Región de los Lagos ,"-42.4820754,-73.76553340612708", Adquisición resmas de papel tamaño oficio. Delegación Presidencial Regional.,Mayo/2024,242760
DELEGACIÓN PRESIDENCIAL REGIONAL DE LOS LAGOS,,Puerto Montt,Región de los Lagos ,"-42.4820754,-73.76553340612708",Adquisición de resmas de papel tamaño carta. Delegación Presidencial Regional.,Mayo/2024,145656
FUERZA AEREA DE CHILE COMANDO LOGISTICO,Avenida Las Condes Nº 8631,Las Condes,Región Metropolitana de Santiago,"-33.49138405,-70.7010048713825",BVS/SOL.Nº025/PAPEL CARTA/SDAO,Mayo/2024,7226822
I MUNICIPALIDAD DE CURICO,,Curicó,Región del Maule ,"-34.98554105,-71.23854218545901",82920 RESMAS DE PAPEL TAMAÑO CARTA Y OFICIO ESCUELA ESPAÑA DE CURICÓ  por invitación a compra ágil: 2440-691-COT24,Mayo/2024,823956
I MUNICIPALIDAD DE CURICO,,Curicó,Región del Maule ,"-34.98554105,-71.23854218545901",83556 RESMAS DE PAPEL TAMAÑO CARTA Y OFICIO COLEGIO SAN ANTONIO DE CURICÓ  por invitación a compra ágil: 2440-720-COT24,Mayo/2024,346944
I MUNICIPALIDAD DE LEBU,RIOSECO 550,Lebu,Región del Biobío ,"-37.6109586,-73.6561279",RESMAS DE PAPEL FOTOCOPIA PARA ESC. F-792 LA FORTUNA,Mayo/2024,2245887
I MUNICIPALIDAD DE LOS ANGELES,CAUPOLICAN 399,Los Angeles,Región del Biobío ,"-37.47112635,-72.35064063866517",PAPEL PARA IMPRESIÓN DE MATERIAL PEDAGÓGICO DEL LICEO COMERCIAL B-64,Mayo/2024,5196135
I MUNICIPALIDAD DE MONTEPATRIA,,Monte Patria,Región de Coquimbo ,"0,0",Papel oficio-DIDECO-Prog. de protección familiar,Mayo/2024,40484
I MUNICIPALIDAD DE PENCAHUE,,Pencahue,Región del Maule ,"-35.3965957,-71.79943152431821",RESMAS DE PAPEL Y LIBROS DE ASISTENCIA PARA LOS ESTABLCIMIENTO EDUCACIONALES DE PENCAHUE,Mayo/2024,260967
I MUNICIPALIDAD DE PUREN,Urrutia 640,Purén,Región de la Araucanía ,"-38.0322967,-73.0730333",SUBV. SEP-ADQUISICIÓN DE PAPEL PARA IMPRESORA ESC. TRANAMAN,Mayo/2024,99798
I MUNICIPALIDAD DE TOME,"Ignacio Serrano 1055, 2° Piso.",Tomé,Región del Biobío ,"-36.617159,-72.958481",Adquisición de resmas de hoja de papel tamaños carta y oficio para la Escuela Gabriela Mistral de Tomé. Orden de Compra: 2665-515-CM24,Mayo/2024,2740272
I MUNICIPALIDAD DE TOME,"Ignacio Serrano 1055, 2° Piso.",Tomé,Región del Biobío ,"-36.617159,-72.958481",Adquisición de resmas de hojas papel tamaños oficio y carta para la Escuela Arturo Prat de Tomé. Orden de Compra: 2665-514-CM24,Mayo/2024,1362360
I MUNICIPALIDAD ESTACION CENTRAL,,Estación Central,Región Metropolitana de Santiago,"-33.45433035,-70.68969016202331",RESMAS PAPEL FOTOCOPIA - SECPLA - SOLICITUD 600 - Orden de Compra generada por invitación a compra ágil: 2432-677-COT24,Mayo/2024,140420
I MUNICIPALIDAD VALDIVIA,,Valdivia,Región de Los Ríos,"-39.812843099999995,-73.24694851875219"," 1, SP.95495, SEP, ESCUELA LEONARDO DA VINCI, ADQ. RESMAS PAPEL FOTOCOPIA TAMAÑO CARTA Y OFICIO  Orden de Compra generada por invitación a compra ágil: 2280-580-COT24",Mayo/2024,800275
I MUNICIPALIDAD VALDIVIA,PRO-RETENCIÓN - ESCUELA MULATO GIL DE CASTRO- AV. ARGENTINA  N°3663 ,Valdivia,Región de Los Ríos,"-39.812843099999995,-73.24694851875219","7, SP.94987 - ESCUELA ESPAÑA, ADQ. RESMAS DE PAPEL CARTA Y OFICIO PARA USO PEDAGOGÍCO DE LOS ALUMNOS. DESDE 2280-72-R124",Mayo/2024,3652824
ILUSTRE MUNICIPALIDAD DE PICHILEMU,CARRERA 855,Pichilemu,Región del Libertador General Bernardo O´Higgins,"-34.387141099999994,-72.0044445","RESMAS DE PAPEL PARA DEPTO DE SALUD, PICHILEMU.",Mayo/2024,843115
Ilustre Municipalidad de Yerbas Buenas,Avda. Centenario 101,Maule,Región del Maule ,"-35.7477097,-71.5828535",RESMAS DE PAPEL PARA ESTABLECIMIENTOS DE LA COMUNA,Mayo/2024,621501
MUNICIPALIDAD DE LOS ANDES,ESMERALDA N° 536 LOS ANDES,Los Andes,Región de Valparaíso ,"-38.932738549999996,-72.03295800911474",ADQUISICION RESMAS DE PAPEL OFICIO Y CARTA.-,Mayo/2024,4019463
SUBSECRETARIA DE SALUD PUBLICA,Mac-Iver 541,Santiago,Región Metropolitana de Santiago,"-33.4364407,-70.6468014",[BODEGA] SC N 1039 EXP 29536/2024 Adquisición papel fotocopia Oficio Stock Bodega ,Mayo/2024,6270919
UNIVERSIDAD DE CHILE,,Santiago,Región Metropolitana de Santiago,"-33.443867,-70.6506654",Resma papel carta (Sistemas),Mayo/2024,327964
UNIVERSIDAD DE VALPARAISO,,Valparaíso,Región de Valparaíso ,"-33.04391915,-71.61711731823237",MATERIAL DE OFICINA #2024050231001302 Resmas de papel - TIPE I Filosofía UVA 21991,Mayo/2024,81872
I MUNICIPALIDAD DE RENAICO,,Renaico,Región de la Araucanía ,"-37.67150815,-72.58412355846157","PAPEL FOTOCOPIA, LICEO D.S.M.",Junio/2024,741370
I MUNICIPALIDAD DE TALCA,4 Norte	Nº 944,Talca,Región del Maule ,"-35.4257615,-71.66543442233423",RESMA DE PAPEL TAMAÑO CARTA  - DCS,Junio/2024,4967655
I MUNICIPALIDAD VALDIVIA,,Valdivia,Región de Los Ríos,"-39.812843099999995,-73.24694851875219","1, SP.96181, SEP, ESCUELA LEONARDO DA VINCI, ADQ. RESMAS PAPEL FOTOCOPIA TAMAÑO CARTA Y OFICIO.   Orden de Compra generada por invitación a compra ágil: 2280-710-COT24",Junio/2024,821695
UNIVERSIDAD DE CHILE,,Independencia,Región Metropolitana de Santiago,"-33.443867,-70.6506654",CML_ REF- 732 PAPEL PARA IMPRESORA SONY UPP-210 TYPE ii5153-1070-COT24,Junio/2024,315261
UNIVERSIDAD DE CHILE,DR. CARLOS LORCA 999,Independencia,Región Metropolitana de Santiago,"-33.443867,-70.6506654",CML_ STOCK MAYO PAPEL FOTOCOPIA CARTA _5153-1126-CM24,Junio/2024,24600348
UNIVERSIDAD DE CHILE,DR. CARLOS LORCA 999,Independencia,Región Metropolitana de Santiago,"-33.443867,-70.6506654",CML_ STOCK MAYO PAPEL FOTOCOPIA OFICIO_5153-1127-CM24,Junio/2024,3889767
UNIVERSIDAD DE PLAYA ANCHA DE CIENCIAS DE LA EDUCACION,GRAN BRETAÑA Nº 40 PLAYA ANCHA,Valparaíso,Región de Valparaíso ,"-33.0300017,-71.6340727",SC 34043-34105 (CPV) PAPEL IMPRESIÓN OFICIO Y CARTA PARA DECANATO SALUD VALPARAÍSO Y PEDAGOGÍA INGLÉS CAMPUS SAN FELIPE,Junio/2024,958783
Municipalidad de Gorbea, Blanco Encalada 995	,Gorbea,Región de la Araucanía ,"-39.1023675,-72.6754981",RESMAS DE PAPEL PARA LA ESCUELA PBRO. J.A .GOMEZ,Junio/2024,1102416
UNIVERSIDAD DE TARAPACA,Av La Tirana 4802,Arica,Región de Arica y Parinacota,"-18.4901565,-70.2961677979052","RESMAS PAPEL DE FOTOCOPIA, PSYCHE-UTA, O/C 2024060282",Junio/2024,139150
DIRECCION DE ABASTECIMIENTO DE LA ARMADA,Michimalongo s/n Las Canchas,Talcahuano,Región del Biobío ,"-36.6880231,-73.1144213",PAPEL IMPRESIÓN Orden de Compra: 3178-1987-CM24,Junio/2024,3730650
I MUNICIPALIDAD DE CARTAGENA,,Cartagena,Región de Valparaíso ,"-33.5472886,-71.6038022",ADQUISICION DE RESMAS DE PAPEL,Junio/2024,272098
I MUNICIPALIDAD DE CARTAGENA,MARIANO CASANOVA 210,Cartagena,Región de Valparaíso ,"-33.5472886,-71.6038022",ADQUISICION RESMAS DE PAPEL,Junio/2024,2079882
I MUNICIPALIDAD DE CORONEL,,Coronel,Región del Biobío ,"-37.0294737,-73.14622918699935","Liceo ""Rosita Renard"" Papel Fotocopia ",Junio/2024,1488595
I MUNICIPALIDAD DE CURICO,,Curicó,Región del Maule ,"-34.98554105,-71.23854218545901",83856 RESMAS DE PAPEL COLEGIO EL BOLDO DE CURICÓ  por invitación a compra ágil: 2440-880-COT24,Junio/2024,310352
I MUNICIPALIDAD DE LITUECHE,Cardenal Caro 796,Litueche,Región del Libertador General Bernardo O´Higgins,"-34.116684250000006,-71.7291245981032",PAPEL OFICIO ,Junio/2024,1062075
I MUNICIPALIDAD DE MAFIL,,Máfil,Región de Los Ríos,"-39.6646519,-72.95367349426073","Suministro de papel carta, SC. N°2199 - compra ágil: 3631-131-COT24",Junio/2024,314160
I MUNICIPALIDAD DE TALCAHUANO,DAEM TALCAHUANO TONGOY 220 HIGUERAS,Talcahuano,Región del Biobío ,"-36.7148019,-73.114765","RESMAS PAPEL, LICEO B-22, TALCAHUANO",Junio/2024,750890
I MUNICIPALIDAD ESTACION CENTRAL,,Estación Central,Región Metropolitana de Santiago,"-33.45433035,-70.68969016202331",SOL 162. RESMA PAPEL CARTA Y OFICIO. A-70 COT 1195999-127-COT24,Junio/2024,1559019
I MUNICIPALIDAD PEDRO AGUIRRE CERDA,,Pedro Aguirre Cerda,Región Metropolitana de Santiago,"-33.4882382,-70.66398334128455",ADQUISICION DE RESMAS DE PAPEL SEGUN SE DETALLA / PPD GIMNASIA INTEGRAL / SOL. 806.,Junio/2024,77350
Ilustre Municipalidad de Quirihue,Esmeralda	698,Quirihue,Región del Ñuble,"-36.282706399999995,-72.5396935462742","Tintas, tóner y resmas de papel",Junio/2024,1113800
Ilustre Municipalidad de Yerbas Buenas,Avda. Centenario 101,Yerbas Buenas,Región del Maule ,"-35.7477097,-71.5828535",RESMAS DE PAPEL PARA SALA CUNA RAYITO DE LUZ,Junio/2024,629740
SERVICIO DE VIVIENDA Y URBANIZACION III REGION,"CHACABUCO 520, PISO 3",Copiapó,Región de Atacama ,"10.4162576,-75.464294",adq de resma papel oficio y carta,Junio/2024,2409502
UNIVERSIDAD DE CHILE,Pío Nono 140,Recoleta,Región Metropolitana de Santiago,"-33.443867,-70.6506654",50447 Resmas papel fotocopia carta- Orden de Compra: 5621-329-CM24,Junio/2024,1425620
UNIVERSIDAD DE PLAYA ANCHA DE CIENCIAS DE LA EDUCACION,GRAN BRETAÑA Nº 40 PLAYA ANCHA,Valparaíso,Región de Valparaíso ,"-33.031646,-71.6342713",SC 34206-34256-34424 (CPV) RESMAS PAPEL IMPRESIÓN TAMAÑO CARTA FACULTADES HUMANIDADES -CAMPUS SAN FELIPE - CIENCIAS DE LA SALUD ,Junio/2024,914735
FUERZA AEREA DE CHILE COMANDO LOGISTICO,PEDRO AGUIRRE CERDA 5500,Cerrillos,Región Metropolitana de Santiago,"-33.49138405,-70.7010048713825",402_004/2024_ADQ. PAPEL IMPRESION ,Julio/2024,6640200
I MUNICIPALIDAD DE CURACAVI,Avda. Ambrosio O¨Higgins Nº1305,Curacaví,Región Metropolitana de Santiago,"-33.4048881,-71.13658795656167",ADQUISICIÓN DE RESMAS DE PAPEL PARA ESCUELA CUYUNCAVÍ.,Julio/2024,2418900
I MUNICIPALIDAD DE CURICO,San Martín Nº 455,Curicó,Región del Maule ,"-34.98554105,-71.23854218545901",83854 RESMAS DE PAPEL CARTA Y OFICIO COLEGIO EL BOLDO DE CURICÓ ,Julio/2024,2167704
I MUNICIPALIDAD DE LA CISTERNA,,La Cisterna,Región Metropolitana de Santiago,"-33.53472265,-70.66443006783722",Resmas de papel FOMIL 2024 compra ágil: 2765-500-COT24,Julio/2024,46162
I MUNICIPALIDAD DE LAUTARO,OHIGGINS Nº 1096,Lautaro,Región de la Araucanía ,"-38.5338143,-72.43578123564073",RESMAS DE PAPEL PARA DSM (1275)	,Julio/2024,1405747
I MUNICIPALIDAD DE LINARES,,Linares,Región del Maule ,"-35.5953791,-71.73159",PAPEL OFICIO OP 430,Julio/2024,1479408
I MUNICIPALIDAD DE LINARES,,Linares,Región del Maule ,"-35.5953791,-71.73159",PAPEL  CARTA OP 431,Julio/2024,924273
I MUNICIPALIDAD DE LOS ANGELES,,Los Angeles,Región del Biobío ,"-37.47112635,-72.35064063866517",ADQUISICION DE RESMAS DE PAPEL PARA ESCUELA G-923 TENIENTE IGNACIO SERRANO.,Julio/2024,731636
I MUNICIPALIDAD DE NUNOA,,Ñuñoa,Región Metropolitana de Santiago,"-33.45414025,-70.59362964688049",ADQUISICION PAPEL FOTOCOPIA TAMAÑO OFICIO. Orden de Compra generada por invitación a compra ágil: 2376-576-COT24,Julio/2024,37842
I MUNICIPALIDAD DE PADRE LAS CASAS,Ramberga 760 ,Padre Las Casas,Región de la Araucanía ,"-38.77338615,-72.59711090989668",ADQ. DE PAPEL DE IMPRESIÓN PARA ESC. METRENCO (FDOS. SEP),Julio/2024,909696
I MUNICIPALIDAD DE QUILLECO,J. M. CARRERA N° 460,Quilleco,Región del Biobío ,"-37.4701516,-71.9797915",PAPEL FOTOCOPIA ESCUELA  ERMINDA GOMEZ DE POLIC,Julio/2024,87739
I MUNICIPALIDAD DE TEMUCO,Prat  0130  Temuco,Temuco,Región de la Araucanía ,"-38.7397933,-72.5909289",S137 ADQ. PAPEL DE IMPRESIÓN RESMAS DE OFICIO JARDINES INFANTILES UNIDAD AT A LA INFANCIA Orden de Compra: 5060-398-CM24,Julio/2024,2951843
CORP ADMINISTRATIVA DEL PODER JUDICIAL,"JUAN NOÉ N° 711, 5° PISO, OF. 39, ARICA",Arica,Región de Arica y Parinacota,"0,0",Adquisición de resmas de papel oficio para stock de bodega,Julio/2024,5817101
UNIVERSIDAD DE CHILE,"Diagonal Paraguay 257, oficina 1201",* ,Región Metropolitana de Santiago,"-33.443867,-70.6506654","5707-12-LQ22 Servicios de impresión de revistas, papelería corporativa_Diplomas Ceremonia de Clausura 2023",Julio/2024,1313760
CENTRO REFERENCIAL DE SALUD DR SALVADOR ALLENDE GOSSENS,Teniente Cruz 800 - PUDAHUEL,,,"-33.44534655,-70.74119011102081",REQ 443 PAPEL FOTOCOPIA,Julio/2024,2827083
DIRECCION SALUD RURAL,,Coyhaique,Región Aysén del General Carlos Ibáñez del Campo,"0,0",Resmas y Papeleria CESFAM La Junta: 3950-528-COT24,Julio/2024,755055
FUERZA AEREA DE CHILE COMANDO LOGISTICO,Avenida Las Condes Nº 8631,,,"-33.49138405,-70.7010048713825",BVS/AOL.Nº 033/PAPEL OFICIO/SDAO,Julio/2024,6205850
I MUNICIPALIDAD DE CANETE,ARTURO PRAT 220 ,Cañete,Región del Biobío ,"-37.79972,-73.3991188",ADQUISICION DE RESMAS DE PAPEL PARA LICEO ALONSO DE ERCILLA-FONDOS SEP 90%,Julio/2024,1136301
I MUNICIPALIDAD DE CANETE,ARTURO PRAT 220 ,Cañete,Región del Biobío ,"-37.79972,-73.3991188",RESMAS DE PAPEL PARA PREUNIVERSITARIO/JÓVENES/,Julio/2024,203519
I MUNICIPALIDAD DE CATEMU,,Catemu,Región de Valparaíso ,"-32.7787138,-70.9630788",RESMAS DE PAPEL OFICIO Y CARTA compra ágil: 4283-55-COT24,Julio/2024,806951
I MUNICIPALIDAD DE CODEGUA,"O""higgins 376",Codegua,Región del Libertador General Bernardo O´Higgins,"-34.0389815,-70.6670417",Compra de resmas de papel para Cesfam Codegua ,Julio/2024,784067
I MUNICIPALIDAD DE CURACAVI,Avda. Ambrosio O¨Higgins Nº1305,Curacaví,Región Metropolitana de Santiago,"-33.4048881,-71.13658795656167",ADQUISICIÓN DE RESMAS DE PAPEL FOTOCOPIA PARA ESCUELA FERNANDO CARVAJAL PINTO.,Julio/2024,322520
I MUNICIPALIDAD DE LOLOL,LOS AROMOS 85,Lolol,Región del Libertador General Bernardo O´Higgins,"-34.7286791,-71.6439954",Orden de Compra: 3038-156-CM24 RESMAS DE PAPEL ESC GALVARINO,Julio/2024,1723774
I MUNICIPALIDAD DE MONTEPATRIA,DIAGUITAS N°31,Monte Patria,Región de Coquimbo ,"-30.0224352,-70.6339359","Resmas de Papel Multiproposito, FOTOCOPIADORA",Julio/2024,793016
I MUNICIPALIDAD DE PENCO,O'Higgins # 500,Penco,Región del Biobío ,"-36.739382250000006,-72.99285203159288",PAPEL FOTOCOPIA CARTA Y OFICIO (P.636)Orden de Compra: 4494-583-CM24,Julio/2024,744107
I MUNICIPALIDAD DE PUREN,Urrutia 640,Purén,Región de la Araucanía ,"-38.0322967,-73.0730333",SUBV. SEP-ADQUISICIÓN DE RESMAS DE PAPEL ESC. HUITRANLEBU,Julio/2024,95308
I MUNICIPALIDAD DE SAN VICENTE,,San Vicente de Tagua Tagua,Región del Libertador General Bernardo O´Higgins,"-34.4392721,-71.07616568514135","ADQ. DE PAPEL FOTOCOPIA TAMAÑO OFICIO - CARTA , SEGUN compra ágil: 1050283-369-COT24",Julio/2024,1528376
I MUNICIPALIDAD DE SANTA JUANA,,Santa Juana,Región del Biobío ,"-37.1744663,-72.9367769",ADQ. DE RESMAS DE PAPEL DESTINADAS AL DPTO. DE SALUD DE SANTA JUANA,Julio/2024,432779
I MUNICIPALIDAD DE TALCA,DIRECCION COMUNAL DE EDUCACION MUNICIPAL 4 ORIENTE N°	1280 TALCA,Talca,Región del Maule ,"-35.4257615,-71.66543442233423",PAPEL IMPRESION ESCUELA VILLA LA PAZ // SEP // Orden de Compra: 2294-1310-CM24,Julio/2024,753984
I MUNICIPALIDAD ESTACION CENTRAL,,Estación Central,Región Metropolitana de Santiago,"-33.45433035,-70.68969016202331",SM 201. RESMAS PAPEL CARTA Y OFICIO. E-34  COT 1195999-156-COT24,Julio/2024,672469
I MUNICIPALIDAD VALDIVIA,,Valdivia,Región de Los Ríos,"-39.812843099999995,-73.24694851875219"," 2 SP 97031, SEP , ESCUELA EL BOSQUE, ADQUISICIÓN RESMAS DE PAPEL FOTOCOPIA Orden de Compra generada por invitación a compra ágil: 2280-987-COT24",Julio/2024,230146
ILUSTRE MUNICIPALIDAD DE MACHALI,Castro N°250,Machalí,Región del Libertador General Bernardo O´Higgins,"-34.1826662,-70.65064599572574",Compra de Resmas de papel para Establecimientos Educacionales. ,Julio/2024,744565
Ilustre Municipalidad de Quirihue,Independencia 699	,Quirihue,Región del Ñuble,"-36.282706399999995,-72.5396935462742",Resmas Papel Liceo Carlos Montané Castro,Julio/2024,1015665
MINISTERIO DE OBRAS PUBLICAS DIREC CION GRAL DE OO PP DCYF,"Cuevas N° 530, Edificio Interior Piso 1",Rancagua,Región del Libertador General Bernardo O´Higgins,"0,0","Resmas de Papel de impresión tamaño oficio, para la Dirección de Vialidad Región de O´Higgins",Julio/2024,1249500
SERVICIO DE VIVIENDA Y URBANIZACION IV REGION,Almagro 372,La Serena,Región de Coquimbo ,"-32.43876020204081,-60.81183902448979",ADQUISICION DE PAPEL DE IMPRESION,Julio/2024,2420460
SERVICIO ELECTORAL,Sin dirección Registrada para Unidad de Compra,Santiago,Región Metropolitana de Santiago,"-35.4263146,-71.66314927659991","743-Adquisición de resmas de papel blanco y colores oficio y doble carta a utilizar en Elecciones Generales de Gobernadores Regionales, Consejeros Regionales, Alcaldes y Concejales 2024 (UD_18/LP/501/2403001/423/FSD) ",Julio/2024,30531784
UNIVERSIDAD DE CHILE,Pío Nono 140,Recoleta,Región Metropolitana de Santiago,"-33.443867,-70.6506654",51078 - Adquisición de resmas de papel - Bodega,Julio/2024,20706000
FUERZA AEREA DE CHILE COMANDO LOGISTICO,Av. Pedro Aguirre Cerda # 5.500,Cerrillos,Región Metropolitana de Santiago,"-33.49138405,-70.7010048713825",004_112495/2024_papel fotocopia Orden de Compra: 3320-306-CM24,Julio/2024,662016
I MUNICIPALIDAD DE LAGO RANCO,calle Puerto Varas N°102,Lago Ranco,Región de Los Ríos,"-40.32062645,-72.48012016715423",COMPRA RESMAS PAPEL OFICINA DAEM,Julio/2024,695722
I MUNICIPALIDAD DE LLANQUIHUE,,Llanquihue,Región de los Lagos ,"-41.2565319,-73.0056137",ADQUISICION DE PAPEL PARA IMPRESION. Orden de Compra generada por invitación a compra ágil: 1437-748-COT24,Julio/2024,894642
I MUNICIPALIDAD DE LOS ANGELES,CAUPOLICAN 399,Los Angeles,Región del Biobío ,"-37.47112635,-72.35064063866517",ADQUISICION DE RESMAS DE PAPEL PARA ESCUELA F-942 MILLANTU.,Julio/2024,7435120
I MUNICIPALIDAD DE MOSTAZAL,DAEM MOSTAZAL Calle Riquelme 65. Esquina de referencia:  San Guillermo con Riquelme,Mostazal,Región del Libertador General Bernardo O´Higgins,"-33.98006625,-70.71155859430769","ADQUISICIÓN DE RESMAS DE PAPEL, COLEGIO ANDRES BELLO COMUNA DE MOSTAZAL",Julio/2024,3728270
I MUNICIPALIDAD DE PETORCA,Silva 225,Petorca,Región de Valparaíso ,"-32.2509587,-70.9305233",ADQUISICIÓN DE RESMAS DE PAPEL PARA REPOSICIÓN BODEGA MUNICIPAL A TRAVÉS DE CONVENIO MARCO,Julio/2024,1495235
I MUNICIPALIDAD DE SAN PEDRO DE LA PAZ,"LOS ACACIOS  43, VILLA SAN PEDRO",San Pedro de La Paz,Región del Biobío ,"-36.84142335,-73.10317815295062",SDA 3368/ POR RESMAS PAPEL CARTA  entrega parcializada Y CUADERNOS UNIVERSITARIOS,Julio/2024,718855
I MUNICIPALIDAD DE SAN PEDRO DE LA PAZ,,San Pedro de La Paz,Región del Biobío ,"-36.84142335,-73.10317815295062",SDA 3453/ RESMAS DE PAPEL PARA JPL (compra ágil 2785-319-COT24),Julio/2024,451617
I MUNICIPALIDAD DE TEMUCO,Arturo Prat 650.,Temuco,Región de la Araucanía ,"-38.7397933,-72.5909289",Orden de Compra: 1658-2206-CM24   solicitud. NRO 605 RESMAS PAPEL,Julio/2024,6485369
I MUNICIPALIDAD DE VILLARRICA,"General Urrutia N°375, DAEM",Villarrica,Región de la Araucanía ,"-39.2834528,-72.22640737221154","Adquisición de papel Fotocopia tamaño Oficio y Carta para la Escuela Voipir de Ñancul, Fondos SEP",Julio/2024,1620720
Ilustre Municipalidad de El Carmen,,El Carmen,Región del Ñuble,"-36.8971258,-72.0269144",PAPEL IMPRESION CARTA PARA ESCUELA ELISE MOTTART REQ 960228-61(482) ,Julio/2024,1062075
JUNTA NACIONAL DE JARDINES         INFANTILES,ENVIAR A DIRECCIONES DE PLANILLA ADJUNTA,Temuco,Región de la Araucanía ,"-33.4405481,-70.6539241",PLAN. - ADQUISICION DE RESMAS DE PAPEL OFICIO PARA IMPRESION Y FOTOCOPIAS PARA DIRECCION REGIONAL - SC 55.009,Julio/2024,1867978
SERVICIO SALUD OCCIDENTE HOSPITAL DR FELIX BULNES CERDA,,Cerro Navia,Región Metropolitana de Santiago,"0,0","PAPEL FOTOCOPIA TAMAÑO A3 RESMA. ID 5188-312-COT24 (AG,TRANSV.,2204001,EEF)",Julio/2024,1473220
UNIVERSIDAD DE CHILE,Avda. José Pedro Alessandri 685,Ñuñoa,Región Metropolitana de Santiago,"-33.443867,-70.6506654",5539-6-LP24 	Impresión Papelería Proceso de Admisión 2025,Julio/2024,36394791
UNIVERSIDAD DE LA FRONTERA,,Temuco,Región de la Araucanía ,"-38.748060499999994,-72.61829051629903",P/A SERVICIO DE IMPRESIÓN DE PAPELERÍA PARA EVENTOS CULTURALES compra ágil: 5586-1828-COT24,Julio/2024,1938510
UNIVERSIDAD DE MAGALLANES,Avenida Bulnes 01855,Punta Arenas,Región de Magallanes y de la Antártica,"-53.13621475,-70.87874391238793",Compra de papel de impresión para stock de Bodega central de la UMAG SOL.144610,Julio/2024,3424463
UNIVERSIDAD DE TARAPACA,Jose Santos Leiva 070,Arica,Región de Arica y Parinacota,"-18.4901565,-70.2961677979052",Adquisición de papel fotocopia tamaño carta para la Dirección de Calidad Institucional UTA.,Julio/2024,199600
Cámara de Diputados de Chile,Av. Argentina esq. Pedro Montt s/n° . Edif. Congreso Nacional,Valparaíso,Región de Valparaíso ,"-33.0478095,-71.60494215739004",REPOSICION DE STOCK PAPEL FOTOCOPIA,Marzo/2024,3645922
I MUNICIPALIDAD DE LOS ALAMOS DEPTO COMUNAL,Luis Saez Mora 509,Los Alamos,Región del Biobío ,"-37.6266115,-73.4609456","TINTAS, TONER Y PAPEL FOTOCOPIA",Marzo/2024,7986864
I MUNICIPALIDAD DE LOS ANGELES,CAUPOLICAN 399,,,"-37.47112635,-72.35064063866517",RESMA PAPEL CARTA Y OFICIO PARA LICEO COEDUCACIONAL A-61,Marzo/2024,4813550
I MUNICIPALIDAD DE LOS LAGOS,San Martin  1,Los Lagos,Región de Los Ríos,"-39.86322795,-72.81662579578243",Compra Resmas Papel / Escuela Nevada.,Marzo/2024,1283594
I MUNICIPALIDAD DE LOS LAGOS,San Martin  1,Los Lagos,Región de Los Ríos,"-39.86322795,-72.81662579578243",Compra Resmas Papel / Liceo Alberto Blest Gana.,Marzo/2024,4583880
I MUNICIPALIDAD DE SALAMANCA,Matilde Salamanca N° 113,Salamanca,Región de Coquimbo ,"-31.781005550000003,-70.96590110000001",RESMAS DE PAPEL TAMAÑO CARTA DESAM ,Marzo/2024,1999200
I MUNICIPALIDAD DE SAN PEDRO DE LA PAZ,,San Pedro de La Paz,Región del Biobío ,"-36.84142335,-73.10317815295062", SDA 2856/ RESMAS DE PAPEL FOTOCOPIA - PROGRAMA ACOMPAÑAMIENTO FAMILIAR (compra ágil 2785-90-COT24),Marzo/2024,86156
I MUNICIPALIDAD DE SANTA JUANA,,Santa Juana,Región del Biobío ,"-37.1744663,-72.9367769",ADQ. DE PAPEL PARA IMPRESORA DESTINADO AL DPTO. DE SALUD DE SANTA JUANA,Marzo/2024,441252
I MUNICIPALIDAD DE TEMUCO,Gral. Aldunate #51,Temuco,Región de la Araucanía ,"-38.7397933,-72.5909289","SCHC N°24 ADQUISICIÓN DE (200) LIBRO DE REGISTRO CORRESPONDENCIA 100 HOJAS, (800) RESMA PAPEL OFICIO 500 HOJAS Y (790) RESMA PAPEL CARTA 500 HOJAS PROYECTADO POR 3 MESES (MARZO-MAYO) PARA STOCK BODEGA GENERAL ",Marzo/2024,6377246
I MUNICIPALIDAD VALDIVIA,,Valdivia,Región de Los Ríos,"-39.812843099999995,-73.24694851875219"," 2 SP 94218, SEP, ESCUELA LAS ÁNIMAS, ADQUISICIÓN RESMAS DE PAPEL PARA IMPRESIÓN Orden de Compra generada por invitación a compra ágil: 2280-134-COT24",Marzo/2024,859478
ILUSTRE MUNICIPALIDAD DE PICHILEMU,CARRERA 855,Pichilemu,Región del Libertador General Bernardo O´Higgins,"-34.387141099999994,-72.0044445","RESMAS DE PAPEL PARA DEPTO DE SALUD, PICHILEMU.",Marzo/2024,247853
SERVICIO DE VIVIENDA Y URBANIZACION IX REGION,OHIGGINS Nº 827,Temuco,Región de la Araucanía ,"-0.2575113,-79.1605787",PAPEL MULTIUSO TAMAÑO CARTA,Marzo/2024,1698725
CORP ADMINISTRATIVA DEL PODER JUDICIAL,,Puerto Varas,Región de los Lagos ,"0,0",Adjudicacion compra de resmas Papel Oficio para el Juzgado de Familia Puerto Varas,Marzo/2024,200812
I MUNICIPALIDAD DE LAGO RANCO,Viña del  Mar  345 ,Lago Ranco,Región de Los Ríos,"-40.32062645,-72.48012016715423",RESMAS DE PAPEL: 3141-84-CM24,Marzo/2024,1131690
I MUNICIPALIDAD DE TALCA,DIRECCION COMUNAL DE EDUCACION MUNICIPAL 4 ORIENTE N°	1280 TALCA,Talca,Región del Maule ,"-35.4257615,-71.66543442233423",OC NP N°1 SEP LMDE RESMAS  PAPEL 2294-92-CM24,Marzo/2024,1638987
I MUNICIPALIDAD DE TALCA,DIRECCION COMUNAL DE EDUCACION MUNICIPAL 4 ORIENTE N°	1280 TALCA,Talca,Región del Maule ,"-35.4257615,-71.66543442233423",PAPEL IMPRESION SUBDEPTO GESTION DEL PERSONAL DAEM // SUBV. REGULAR // Orden de Compra: 2294-98-CM24,Marzo/2024,896719
I MUNICIPALIDAD DE TEMUCO,Arturo Prat 650.,Temuco,Región de la Araucanía ,"-38.7397933,-72.5909289",Orden de Compra: 1658-689-CM24  CONV MARCO  S14 RESMAS PAPEL,Marzo/2024,1489975
Ilustre Municipalidad de Yerbas Buenas,Avda. Centenario 101,Yerbas Buenas,Región del Maule ,"-35.7477097,-71.5828535",RESMAS DE PAPEL PARA EL DAEM,Marzo/2024,615587
I MUNICIPALIDAD DE ANGOL,Yeli 80,Angol,Región de la Araucanía ,"-37.797137000000006,-72.71119037694166",WRC Adquisición de papel de impresión para la Escuela Villa Huequén ,Marzo/2024,1297933
I MUNICIPALIDAD DE LA LIGUA,Portales 555 La Ligua,La Ligua,Región de Valparaíso ,"-32.450082699999996,-71.2314441988971",ADQUISICION RESMAS DE PAPEL TAMAÑO CARTA Y OFICIO,Marzo/2024,295000
I MUNICIPALIDAD DE LOS ALAMOS DEPTO COMUNAL,Luis Saez Mora 509,Los Alamos,Región del Biobío ,"-37.6266115,-73.4609456",TINTAS Y PAPEL FOTOCOPIA,Marzo/2024,6251665
I MUNICIPALIDAD DE LOS ANGELES,,Los Angeles,Región del Biobío ,"-37.47112635,-72.35064063866517",ADQUISICION DE PAPEL IMPRESIÓN CARTA Y OFICIO PARA ALUMNOS PIE ESCUELA F-887 ISLA DEL LAJA.,Marzo/2024,376992
I MUNICIPALIDAD DE LOS ANGELES,CAUPOLICAN 399,Los Angeles,Región del Biobío ,"-37.47112635,-72.35064063866517",PAPEL PARA IMPRESIÓN DE MATERIAL PEDAGÓGICO LICEO COMERCIAL B-64,Marzo/2024,4649092
I MUNICIPALIDAD VALDIVIA,,Valdivia,Región de Los Ríos,"-39.812843099999995,-73.24694851875219","5, SP. 94454- SEP – LICEO TECNICO – ADQUISICIÓN RESMAS DE PAPEL Orden de Compra generada por invitación a compra ágil: 2280-152-COT24",Marzo/2024,931175
ILUSTRE MUNICIPALIDAD DE QUINTA NORMAL,"Av. Carrascal 4447, Quinta Normal",Quinta Normal,Región Metropolitana de Santiago,"-33.4220771,-70.6938233",SP 040. ESCUELA REINO DE NORUEGA: ADQUISICIÓN DE RESMAS DE PAPEL - CTA. BANCARIA N° 9583262 SEP. O/C INT. 040,Marzo/2024,1701462
UNIVERSIDAD DE CHILE,Pío Nono 140,Recoleta,Región Metropolitana de Santiago,"-33.443867,-70.6506654",46794 - ADQUISICIÓN RESMAS PAPEL FOTOCOPIA CARTA ,Marzo/2024,2342396
I MUNICIPALIDAD DE CUNCO,Pedro Aguirre cerda 600,Cunco,Región de la Araucanía ,"-38.932738549999996,-72.03295800911474",resmas de papel para trabajos  pedagógicos  y otros materiales para Daem y Escuela Las Hortensias ,Marzo/2024,1968629
I MUNICIPALIDAD DE TALCA,DIRECCION COMUNAL DE EDUCACION MUNICIPAL 4 ORIENTE N°	1280 TALCA,Talca,Región del Maule ,"-35.4257615,-71.66543442233423",PAPEL IMPRESION ESCUELA PANGUILEMO EDITA GALLEGOS RODRIGUEZ // SEP // Orden de Compra: 2294-163-CM24,Marzo/2024,1516774
I MUNICIPALIDAD VALDIVIA,,Valdivia,Región de Los Ríos,"-39.812843099999995,-73.24694851875219","7, SP.94813 - SEP - LICEO BICENTENARIO, ADQ. PAPEL EQUALIT CARTA Y OFICIO.",Marzo/2024,1184169
MINISTERIO DE OBRAS PUBLICAS DIREC CION GRAL DE OO PP DCYF,,Temuco,Región de la Araucanía ,"0,0",OC Compra ágil: 826-1-COT24 / Archivardores Papel Fotocopia,Marzo/2024,699958
UNIVERSIDAD DE CHILE,Avenida Santos Dumont N° 999				,Independencia,Región Metropolitana de Santiago,"-33.443867,-70.6506654",CML_RESMAS PAPEL OFICIO_ 5153-649-CM24,Marzo/2024,2165800
UNIVERSIDAD DE CHILE,Avda. Blanco Encalada 2002,Santiago,Región Metropolitana de Santiago,"-33.443867,-70.6506654",Resmas de papel ,Marzo/2024,843412
I MUNICIPALIDAD DE CHILLAN,,Chillán,Región del Ñuble,"-36.60600385,-72.10426068496827",PAPEL FOTOCOPIA ,Marzo/2024,153105
I MUNICIPALIDAD DE CUNCO,,Cunco,Región de la Araucanía ,"-38.932738549999996,-72.03295800911474",RESMA DE PAPEL PARA ELECTROCARDIOGAFOS.,Marzo/2024,261800
I MUNICIPALIDAD DE LA UNION,,La Unión,Región de Los Ríos,"-40.2947882,-73.0829831009254",ADQUISICIÓN RESMAS DE PAPEL CARTA Y OFICIO PARA ESCUELA RURAL MASHUE ORD. N° 06  LEY S.E.P. Orden de Compra codigo: 3335-150-AG24 .Orden de Compra generada por invitación a compra ágil: 3335-87-COT24.,Marzo/2024,305378
I MUNICIPALIDAD DE RIO NEGRO,,Río Negro,Región de los Lagos ,"-40.7959475,-73.2170768",Resmas de papel para Escuela Río Negro.,Marzo/2024,1320900
I MUNICIPALIDAD DE TOME,,Tomé,Región del Biobío ,"-36.617159,-72.958481","Adquisición de resmas papel fotocopia tamaño oficio para el Liceo Vicente Palacios, Tomé. Orden de Compra generada por invitación a compra ágil: 2665-117-COT24",Marzo/2024,80611
I MUNICIPALIDAD DE LOS ALAMOS DEPTO COMUNAL,Luis Saez Mora 509,Los Alamos,Región del Biobío ,"-37.6232527,-73.4611958","TINTAS, TONER Y PAPEL FOTOCOPIA ",Marzo/2024,4207245
I MUNICIPALIDAD DE MOSTAZAL,Plaza de Armas   S/N,Mostazal,Región del Libertador General Bernardo O´Higgins,"-33.98006625,-70.71155859430769",PAPEL IMPRESIÓN OFICIO Y CARTA PARA OFICINAS MUNICIPALES,Marzo/2024,6336750
I MUNICIPALIDAD DE OSORNO,"AVDA. JUAN MACKENNA N°851, Bodega Subsuelo",Osorno,Región de los Lagos ,"-40.5746591,-73.1358139","Adquisición resmas de papel ""Liceo B.C.C. de Prat"", Fondos SEP, según Licitación N°2306-8-LR23.",Marzo/2024,5601925
Ilustre Municipalidad de El Carmen,,El Carmen,Región del Ñuble,"-36.8971258,-72.0269144",PAPEL MULTIPROPÓSITO EQUALIT CARTA Y OFICIO PARA ESCUELA VIRGEN DEL CARMEN REQ. N°960219-2(147),Marzo/2024,1329528
ILUSTRE MUNICIPALIDAD DE QUINTA NORMAL,,Quinta Normal,Región Metropolitana de Santiago,"-33.4220771,-70.6938233", SP 046. DEM NIVEL CENTRAL: ADQUISICIÓN DE RESMAS DE PAPEL Y ARCHIVADORES. CTA. BANCARIA N° 9583173 DEM. O/C INT. 046,Marzo/2024,497587
CORP ADMINISTRATIVA DEL PODER JUDICIAL,"Ureta Cox 855, Piso 2",San Miguel,Región Metropolitana de Santiago,"-33.50022,-70.6247753",Primera compra trimestral de artículos de oficina: Papel tamaño Oficio y Carta,Abril/2024,43607550
FUERZA AEREA DE CHILE COMANDO LOGISTICO,Av. Pedro Aguirre Cerda # 5.500,Cerrillos,Región Metropolitana de Santiago,"-33.49138405,-70.7010048713825",018_8760_PAPEL FOTOCOPIA,Abril/2024,995007
I MUNICIPALIDAD DE LA REINA,Av. Fernando Castillo Velasco N°9925,La Reina,Región Metropolitana de Santiago,"-33.4532324,-70.53050761103353",RESMAS PAPEL MULTIUSO,Abril/2024,3465756
I MUNICIPALIDAD DE LAGO RANCO,calle Puerto Varas N°102,Lago Ranco,Región de Los Ríos,"-40.32062645,-72.48012016715423","COMPRA RESMAS DE PAPEL, C.E.I",Abril/2024,185640
SERVICIO DE SALUD OCCIDENTE HOSPITAL SAN JUAN DE DIOS,HUERFANOS 3255 ,Santiago,Región Metropolitana de Santiago,"0,0",amv/ PAPEL FOTOCOPIA OFICIO PAQUETE 500 HOJAS Orden de Compra: 1641-4937-CM24,Abril/2024,1032622
UNIVERSIDAD DE PLAYA ANCHA DE CIENCIAS DE LA EDUCACION,GRAN BRETAÑA Nº 40 PLAYA ANCHA,Valparaíso,Región de Valparaíso ,"-33.0300017,-71.6340727",SC 33674 (CPV) PAPEL DE IMPRESIÓN PROYECTO UPA 21991 VINC.CON EL MEDIO,Abril/2024,955094
FONDO NACIONAL DE SALUD,Monjitas 665,Santiago,Región Metropolitana de Santiago,"-34.9848391,-71.2385286",Papel Impresión Resma Hoja Tamaño Carta Color Blanco 500 Hojas Unidad-MNN.,Abril/2024,3015270
Hospital Santa Juana,,Santa Juana,Región del Biobío ,"38.995285,-1.8664506","Papel impresión carta, oficio",Abril/2024,745238
I MUNICIPALIDAD DE LEBU,,Lebu,Región del Biobío ,"-37.6109586,-73.6561279",RESMAS DE PAPEL MULTIPROPOSITO PARA BODEGA DAEM: 3892-75-COT24,Abril/2024,294025
I MUNICIPALIDAD DE LEBU,RIOSECO 550,Lebu,Región del Biobío ,"-37.6109586,-73.6561279",Papel Fotocopía Liceo Fresia Müller Ruiz,Abril/2024,3050446
I MUNICIPALIDAD DE LLANQUIHUE,,Llanquihue,Región de los Lagos ,"-41.2565319,-73.0056137","ADQUISICIÓN DE PAPELERÍA DE OFICIO Y CARTA PARA LAS OFICINAS MUNICIPALES, SOLICITADO POR LA UNIDAD DE ADQUISICIONES. Orden de Compra generada por invitación a compra ágil: 1437-400-COT24",Abril/2024,1050175
I MUNICIPALIDAD DE LOS ALAMOS DEPTO COMUNAL,Luis Saez Mora 509,Los Alamos,Región del Biobío ,"-37.6232527,-73.4611958",PAPEL FOTOCOPIA,Abril/2024,1801898
I MUNICIPALIDAD DE LOS ANGELES,CAUPOLICAN 399,Los Angeles,Región del Biobío ,"-37.47112635,-72.35064063866517",PAPEL MULTIPROPÓSITO Y DE IMPRESIÓN PARA USO EN LICEO TECNICO BICENTENARIO ,Abril/2024,3315816
I MUNICIPALIDAD DE LOS LAGOS,San Martin  1,Los Lagos,Región de Los Ríos,"-39.86322795,-72.81662579578243",Adquisición de resmas de papel - Escuela Nva Collilelfu,Abril/2024,3530016
SUPERINTENDENCIA DE SERVICIOS SANITARIOS,,Santiago,Región Metropolitana de Santiago,"-33.4413131,-70.6460621",Resma papel multipropósito para OR Maule/ CBS-5775-2024,Abril/2024,178381
UNIVERSIDAD DE CHILE,,Independencia,Región Metropolitana de Santiago,"-33.443867,-70.6506654",JS PAPEL IMPRESION SONY Orden de Compra generada por invitación a compra ágil: 800-3890-COT24,Abril/2024,1914710
UNIVERSIDAD DE LA FRONTERA,,Temuco,Región de la Araucanía ,"-38.748060499999994,-72.61829051629903",P/A Tintas originales HP y papel tamaño carta compra ágil: 5586-844-COT24,Abril/2024,561061
I MUNICIPALIDAD DE PADRE LAS CASAS,Ramberga 760 ,Padre Las Casas,Región de la Araucanía ,"-38.77338615,-72.59711090989668",ADQ. RESMAS PAPEL TAMAÑO OFICIO Y CARTA PARA CENTROS DE SALUD DE LA COMUNA DE PADRE LAS CASAS. SEGÚN OC 2548-332-CM,Abril/2024,6307000
I MUNICIPALIDAD DE TUCAPEL,,Tucapel,Región del Biobío ,"-37.24030085,-71.94019864386175",ADQUISICIÓN ROLLO PAPEL IMPRESIÓN PLANOS PROYECTOS SECPLAN,Abril/2024,201634
I MUNICIPALIDAD DE VICUNA,,Vicuña,Región de Coquimbo ,"-30.0335973,-70.7135638",ADQUISICIÓN DE RESMAS PAPEL PARA ESC JOAQUÍN VICUÑA LARRAÍN.,Abril/2024,529407
ILUSTRE MUNICIPALIDAD DE COLBUN,CALLE ADOLFO NOVOA 419,Colbún,Región del Maule ,"-35.6969121,-71.4017404",PAPEL FOTOCOPIA PARA EL LICEO CAPITÁN I.C.P DE COLBÚN ,Abril/2024,1949101
Ilustre Municipalidad de Yerbas Buenas,,Yerbas Buenas,Región del Maule ,"-35.7477097,-71.5828535",RESMAS DE PAPEL PARA EL LICEO JUAN DE DIOS PUGA,Abril/2024,1198330
SERVICIO DE SALUD OCCIDENTE HOSPITAL SAN JUAN DE DIOS,HUERFANOS 3255 ,Santiago,Región Metropolitana de Santiago,"0,0",amv/ PAPEL FOTOCOPIA CARTA PAQUETE 500 HOJAS Orden de Compra: 1641-5268-CM24,Abril/2024,1487500
SUBSECRETARIA DE SERVICIOS SOCIALES,"Aníbal Pinto 442, piso 3",Concepción,Región del Biobío ,"0,0",Compra de 170 resmas papel oficio multipropósito para uso en oficinas Seremi.,Abril/2024,657475
I MUNICIPALIDAD DE CANETE,,Cañete,Región del Biobío ,"-37.79972,-73.3991188","ADQUISICIÓN DE RESMAS DE PAPEL PARA ESCUELA F-839, ORD N° 60, FONDOS SEP 90%",Mayo/2024,412195
I MUNICIPALIDAD DE CORONEL,,Coronel,Región del Biobío ,"-37.0294737,-73.14622918699935",D-673 COMPRA DE PAPEL FOTOCOPIADORA ,Mayo/2024,1864043
I MUNICIPALIDAD DE LA CISTERNA,,La Cisterna,Región Metropolitana de Santiago,"-33.53472265,-70.66443006783722","Papel carta, oficio LCyT. Orden de Compra generada por invitación a compra ágil: 2769-61-COT24",Mayo/2024,1889006
I MUNICIPALIDAD DE LA CISTERNA,,La Cisterna,Región Metropolitana de Santiago,"-33.53472265,-70.66443006783722",Papel de impresión colores y fotografico colegio E. JOVEN a compra ágil: 2769-71-COT24,Mayo/2024,409955
I MUNICIPALIDAD DE LEBU,,Lebu,Región del Biobío ,"-37.6109586,-73.6561279",PAPEL FOTOCOPIA PARA ESC. D-777: 3892-129-COT24,Mayo/2024,290836
I MUNICIPALIDAD DE LOS ALAMOS DEPTO COMUNAL,Luis Saez Mora 509,Los Alamos,Región del Biobío ,"-37.6266115,-73.4609456",PAPEL FOTOCOPIA Y TINTAS ,Mayo/2024,866082
I MUNICIPALIDAD DE LOS ANGELES,CAUPOLICAN 399,Los Angeles,Región del Biobío ,"-37.47112635,-72.35064063866517",PAPEL PARA IMPRESIÓN DEL LICEO SANTA FE ,Mayo/2024,4500000
I MUNICIPALIDAD DE TIRUA,,Tirúa,Región del Biobío ,"-38.3442095,-73.4934201",Adq.Resma Papel para DAEM fondo TrasMun2024,Mayo/2024,218127
I MUNICIPALIDAD VALDIVIA,,Valdivia,Región de Los Ríos,"-39.812843099999995,-73.24694851875219","7, SP.20963 - PIE - ESCUELA ESPAÑA, ADQ. RESMA PAPEL EQUALIT CARTA Y OFICIO.",Mayo/2024,1016141
Ilustre Municipalidad de El Carmen,BAQUEDANO 385,El Carmen,Región del Ñuble,"-36.8971258,-72.0269144",PAPEL DE IMPRESIÓN PARA LICEO BICENTENARIO DE EXCELENCIA POLIVALENTE JUVENAL HERNÁNDEZ JAQUE REQ. N° 960201-53<297>,Mayo/2024,1376592
Ilustre Municipalidad de Yerbas Buenas,Avda. Centenario 101,Yerbas Buenas,Región del Maule ,"-35.7477097,-71.5828535",RESMAS DE PAPEL PARA ESCUELA MAITENCILLO,Mayo/2024,516460
MINISTERIO DE OBRAS PUBLICAS DIREC CION GRAL DE OO PP DCYF,,Talca,Región del Maule ,"0,0",Adquisición Papel Fotocopia para la DOH Región del Maule,Mayo/2024,281887
I MUNICIPALIDAD DE CURACAUTIN,Arturo Prat 336,Curacautín,Región de la Araucanía ,"-38.4380565,-71.8879024",RESMAS PAPEL ESCUELA PATRICIO CHÁVEZ SOTO,Mayo/2024,2597056
I MUNICIPALIDAD DE LAGO RANCO,Concepción Nº655,Lago Ranco,Región de Los Ríos,"-40.32062645,-72.48012016715423",ADQUISICION RESMA PAPEL,Mayo/2024,1834230
I MUNICIPALIDAD DE MULCHEN,PEDRO LAGOS Nº 200,Mulchén,Región del Biobío ,"-37.718427,-72.2457477",Papel Impresión,Mayo/2024,749343
I MUNICIPALIDAD DE NACIMIENTO,SANTA MARGARITA Nº 695 - NACIMIENTO,Nacimiento,Región del Biobío ,"-37.5021632,-72.67436659653994",SEP 2024.Adquirir papel fotocopia para EScuela Toqui Lautaro.,Mayo/2024,2075955
I MUNICIPALIDAD DE PADRE LAS CASAS,Ramberga 760 ,Padre Las Casas,Región de la Araucanía ,"-38.77338615,-72.59711090989668",ADQ. DE PAPEL DE IMPRESIÓN PARA EL DAEM,Mayo/2024,656844
I MUNICIPALIDAD DE PALMILLA,,Palmilla,Región del Libertador General Bernardo O´Higgins,"-34.59772815,-71.36362340411176",ADQUISICION DE RESMAS PAPEL A4 HOJA BLANCA,Mayo/2024,453390
I MUNICIPALIDAD DE PIRQUE,AVDA. CONCHA Y TORO  02548,Pirque,Región Metropolitana de Santiago,"-33.6347039,-70.5728392",RESMAS PAPEL CARTA Y OFICIO,Mayo/2024,1919303
ILUSTRE MUNICIPALIDAD DE COLBUN,CALLE ADOLFO NOVOA 419,Colbún,Región del Maule ,"-35.6969121,-71.4017404",PAPEL FOTOCOPIA PARA LA ESCUELA SAN DIONISIO Y PARA EL DEPARTAMENTO DE EDUCACIÓN,Mayo/2024,1387278
UNIVERSIDAD DE TARAPACA,Sin dirección Registrada para Unidad de Compra,Arica,Región de Arica y Parinacota,"-18.4901565,-70.2961677979052","Papel de Fotocopia Tamaño Carta, para la Decanatura Fac. de Ing. ",Mayo/2024,94200
I MUNICIPALIDAD DE CATEMU,,Catemu,Región de Valparaíso ,"-32.7787138,-70.9630788",RESMAS DE PAPEL compra ágil: 4283-30-COT24,Mayo/2024,863131
I MUNICIPALIDAD DE CURICO,,Curicó,Región del Maule ,"-34.98554105,-71.23854218545901",82830 RESMAS DE PAPEL TAMAÑO CARTA Y OFICIO LICEO ZAPALLAR DE CURICÓ por invitación a compra ágil: 2440-712-COT24,Mayo/2024,693889
I MUNICIPALIDAD DE LAGO RANCO,calle Puerto Varas N°102,Lago Ranco,Región de Los Ríos,"-40.32062645,-72.48012016715423","COMPRA RESMAS PAPEL, ESC. RURAL RIÑINAHUE",Mayo/2024,180356
I MUNICIPALIDAD DE LINARES,,Linares,Región del Maule ,"-35.5953791,-71.73159",COMPRA DE RESMAS DE PAPEL TAMAÑO CARTA Y OFICIO PARA ESC.F-482 PEDRO AGUIRRE CERDA,Mayo/2024,492362
I MUNICIPALIDAD DE LOS ALAMOS DEPTO COMUNAL,Luis Saez Mora 509,Los Alamos,Región del Biobío ,"-37.6232527,-73.4611958",PAPEL FOTOCOPIA Y TINTAS ,Mayo/2024,1111162
I MUNICIPALIDAD DE TALCA,DIRECCION COMUNAL DE EDUCACION MUNICIPAL 4 ORIENTE N°	1280 TALCA,Talca,Región del Maule ,"-35.4257615,-71.66543442233423",PAPEL IMPRESION ESCUELA CARLOS SPANO // SEP // Orden de Compra: 2294-597-CM24,Mayo/2024,1311380
I MUNICIPALIDAD DE TUCAPEL,,Tucapel,Región del Biobío ,"-37.24030085,-71.94019864386175",Orden de Compra ágil: 3305-293-COT24 papel fotocopia y tintas,Mayo/2024,1132880
MUNICIPALIDAD DE LOS ANDES,Avda. Chile 198,Los Andes,Región de Valparaíso ,"-38.932738549999996,-72.03295800911474",RESMAS PAPEL ,Mayo/2024,1298052
I MUNICIPALIDAD DE LOS ANGELES,CAUPOLICAN 399,Los Angeles,Región del Biobío ,"-37.47112635,-72.35064063866517",ADQUISICION DE PAPEL CARTA Y OFICIO PARA ALUMNOS ESCUELA F-944 DIEGO PORTALES PALAZUELOS.,Mayo/2024,5419260
I MUNICIPALIDAD DE NACIMIENTO,SANTA MARGARITA Nº 695 - NACIMIENTO,Nacimiento,Región del Biobío ,"-37.5021632,-72.67436659653994",SEP 2024. Resmas de papel Escuela Canada y Oscar Guerrero,Mayo/2024,5018528
I MUNICIPALIDAD DE PENALOLEN,Avenida Grecia   Nº 8735  Región Metropolitana.,Peñalolén,Región Metropolitana de Santiago,"-33.4768306,-70.54176702562827",Adquisición de papel carta y oficio,Mayo/2024,13487460
UNIVERSIDAD DE TARAPACA,Avda Gral Velasquez 1775,Arica,Región de Arica y Parinacota,"-18.4901565,-70.2961677979052",Compra de papel fotocopia para ESUN/FAE,Mayo/2024,121600
I MUNICIPALIDAD DE CHILLAN,,Chillán,Región del Ñuble,"-36.60600385,-72.10426068496827",RESMAS DE PAPEL FOTOCOPIA TAMAÑO OFICIO-COSAM-Orden de Compra generada por invitación a compra ágil: 1069417-375-COT24,Mayo/2024,918978
I MUNICIPALIDAD VALDIVIA,,Valdivia,Región de Los Ríos,"-39.812843099999995,-73.24694851875219"," 2 SP 95943, SEP, ESCUELA EL BOSQUE, ADQUISICIÓN PAPEL PARA IMPRESION Orden de Compra generada por invitación a compra ágil: 2280-664-COT24",Mayo/2024,460292
I MUNICIPALIDAD VALDIVIA,,Valdivia,Región de Los Ríos,"-39.812843099999995,-73.24694851875219","1, SP.95947, SEP, ESCUELA FRANCIA, ADQ. RESMAS PAPEL FOTOCOPIA TAMAÑO CARTA Y OFICIO.    Orden de Compra generada por invitación a compra ágil: 2280-676-COT24",Mayo/2024,1003616
UNIVERSIDAD DE CHILE,,Independencia,Región Metropolitana de Santiago,"-33.443867,-70.6506654",CML_REF-920 PAPEL PARA IMPRESORA AUTOCLAVE_5153-769-COT24,Mayo/2024,263942
Cámara de Diputados de Chile,Av. Argentina esq. Pedro Montt s/n° . Edif. Congreso Nacional,Valparaíso,Región de Valparaíso ,"-33.0478095,-71.60494215739004",REPOSICION DE STOCK PAPEL FOTOCOPIA,Junio/2024,3345090
CORP ADMINISTRATIVA DEL PODER JUDICIAL,,San Miguel,Región Metropolitana de Santiago,"0,0",Papel oficio multipropósito-compra ágil: 730377-12-COT24,Junio/2024,551565
DIRECCION DE ABASTECIMIENTO DE LA ARMADA,"Francisco González de Hontaneda #11, Playa ancha",Valparaíso,Región de Valparaíso ,"0,0",PAPEL DE IMPRESIÓN OFICIO Y CARTA: 2950-397-CM24,Junio/2024,1342201
I MUNICIPALIDAD DE COBQUECURA,CHACABUCO 315,Cobquecura,Región del Ñuble,"-36.1316875,-72.7925312",RESMAS DE PAPEL LICEO P. DIEGO MISSENE BURGOS.,Junio/2024,749462
I MUNICIPALIDAD DE CONCON,,Concón,Región de Valparaíso ,"-32.9207636,-71.5155884",RESMAS DE PAPEL JUZGADO POLICIA LOCAL Orden de Compra generada por invitación a compra ágil: 2594-476-COT24,Junio/2024,355810
I MUNICIPALIDAD DE JUAN FERNANDEZ,,Juan Fernández,Región de Valparaíso ,"-33.6360327,-78.8318862",Papel para impresión ,Junio/2024,742322
I MUNICIPALIDAD DE LA CISTERNA,Gran  Avenida José Miguel Carrera  Nº 8585,La Cisterna,Región Metropolitana de Santiago,"-33.53472265,-70.66443006783722",RESMAS DE PAPEL MAYO,Junio/2024,1490880
I MUNICIPALIDAD DE LA UNION,,La Unión,Región de Los Ríos,"-40.2947882,-73.0829831009254",Orden de Compra generada por invitación a compra ágil: 3335-526-COT24 ADQUISICIÓN CALCULADORAS CIENTÍFICAS Y RESMAS DE PAPEL OFICIO Y CARTA PARA ESCUELA RURAL PILPILCAHUÍN ORD. N°17 FONDOS LEY S.E.P.,Junio/2024,115332
I MUNICIPALIDAD DE LA UNION,,La Unión,Región de Los Ríos,"-40.2947882,-73.0829831009254","ADQUISICIÓN PEGAMENTOS Y RESMAS DE PAPEL FOTOCOPIA TAMAÑO CARTA Y OFICIO PARA ESCUELA RURAL FLOR MARÍA LUISA MUNDACA ORD. N°22 FONDOS LEY S.E.P., PROVENIENTE DE COTIZACIÓN ÁGIL 3335-419-COT24",Junio/2024,106148
I MUNICIPALIDAD DE LA UNION,,La Unión,Región de Los Ríos,"-40.2947882,-73.0829831009254","ADQUISICIÓN RESMAS DE PAPEL FOTOCOPIA TAMAÑO CARTA Y OFICIO PARA ADMINISTRACIÓN CENTRAL D.A.E.M. ORD. N°484 FONDOS LEY 10 % ADM S.E.P., PROVENIENTE DE COTIZACIÓN ÁGIL 3335-530-COT24",Junio/2024,767550
I MUNICIPALIDAD DE LONCOCHE,,Loncoche,Región de la Araucanía ,"-39.371356,-72.6306051","300 RESMAS DE PAPEL TAMAÑO OFICIO Y 150 RESMAS TAMAÑO CARTA,LICEO P.A.H.C",Junio/2024,1575976
I MUNICIPALIDAD DE LOS ALAMOS DEPTO COMUNAL,Luis Saez Mora 509,Los Alamos,Región del Biobío ,"-37.6266115,-73.4609456",PAPEL FOTOCOPIA,Junio/2024,1469055
I MUNICIPALIDAD DE LOS ANGELES,CAUPOLICAN 399,Los Angeles,Región del Biobío ,"-37.47112635,-72.35064063866517",ADQUISICION DE RESMAS DE PAPEL PARA ESCUELA F-933 VIRQUENCO.,Junio/2024,3521091
I MUNICIPALIDAD DE LOTA,"COUSIÑO, 295 LOTA BAJO, LOTA",Lota,Región del Biobío ,"-37.09436645,-73.15542601551155",PAPEL TAMAÑO OFICIO-SOLICITUD N°144,Junio/2024,889525
UNIVERSIDAD DE PLAYA ANCHA DE CIENCIAS DE LA EDUCACION,GRAN BRETAÑA Nº 40 PLAYA ANCHA,Valparaíso,Región de Valparaíso ,"-33.0313962,-71.6336972",SC 34043-34105 (CPV) PAPEL IMPRESIÓN OFICIO Y CARTA PARA DECANATO SALUD VALPARAÍSO Y PEDAGOGÍA INGLÉS CAMPUS SAN FELIPE,Junio/2024,958783
HOSPITAL DR GUSTAVO FRICKE DE VINA DEL MAR,,Viña del Mar,Región de Valparaíso ,"-33.02961019999999,-71.54207970570049",TTV/ PAPEL ECG MAC 1200 210X295MM RESMA EQ. EDAN SE-1200 EXPRESS,Junio/2024,383692
I MUNICIPALIDAD DE MULCHEN,VILLALON 555,Mulchén,Región del Biobío ,"-37.718427,-72.2457477",RESMAS DE PAPEL PARA ESCUELA VILLA LA GRANJA,Junio/2024,1445255
I MUNICIPALIDAD DE PUREN,Urrutia 640,Purén,Región de la Araucanía ,"-38.0322967,-73.0730333",SUBV. SEP-ADQUISICIÓN DE RESMA DE PAPEL CARTA PARA ESC. QUILACO,Junio/2024,49900
I MUNICIPALIDAD DE SAN VICENTE,,San Vicente de Tagua Tagua,Región del Libertador General Bernardo O´Higgins,"-34.4392721,-71.07616568514135","ADQUISICION DE PAPEL FOTOCOPIA TAMAÑO CARTA-OFICIO, PARA STOCK BODEGA UNIDAD DE COMPRA, SEGUN COMPRA AGIL N°: 1050283-301-COT24",Junio/2024,1331848
I MUNICIPALIDAD ESTACION CENTRAL,Av. Libertador Bernardo O'Higgins N°3920,Estación Central,Región Metropolitana de Santiago,"-33.45433035,-70.68969016202331",SC-665 - Secretaria Municipal - Resmas de papel ,Junio/2024,6741350
I MUNICIPALIDAD VALDIVIA,,Valdivia,Región de Los Ríos,"-39.812843099999995,-73.24694851875219"," 2 SP 96678, GESTIÓN, ESCUELA EL LAUREL, ADQUISICIÓN PAPEL PARA IMPRESORA Orden de Compra generada por invitación a compra ágil: 2280-786-COT24",Junio/2024,199504
Ilustre Municipalidad de El Carmen,,El Carmen,Región del Ñuble,"-36.8971258,-72.0269144",PAPEL MULTIPROPOSITO PARA CENTRO DE FOTOCOPIADO ESCUELA VIRGEN DEL CARMEN REQ 960219-92(402) ,Junio/2024,1660407
MUNICIPALIDAD DE HUALPEN,,Hualpén,Región del Biobío ,"-36.79237955,-73.0995497379248",Papel Fotocopia: 4152-743-COT24,Junio/2024,89540
FONDO NACIONAL DE SALUD,Monjitas 665,Valparaíso,Región de Valparaíso ,"-34.9848391,-71.2385286","COMPRA DE RESMAS DE PAPEL CARTA, USO EDIFICIO CENTENARIO Y SUC. MAIPU_PSA",Junio/2024,1505350
I MUNICIPALIDAD DE SAN PABLO,,San Pablo,Región de los Lagos ,"-33.446576500000006,-70.74205082203748",PAPEL FOTOCOPIA AREA ADMINISTRATIVA DAEM,Junio/2024,331356
I MUNICIPALIDAD DE SAN PEDRO DE LA PAZ,,San Pedro de La Paz,Región del Biobío ,"-36.84142335,-73.10317815295062",SDA 3417 RESMAS DE PAPEL PARA OFICINA INE-CENSO (compra ágil 2785-301-COT24),Junio/2024,437182
I MUNICIPALIDAD DE TALCA,4 Norte	Nº 944,Talca,Región del Maule ,"-35.4257615,-71.66543442233423",RESMAS DE PAPEL TAMAÑO OFICIO Y CARTA - CONVENIO SAR LA FLORIDA Y SAR LAS AMERICAS.,Junio/2024,4526879
I MUNICIPALIDAD DE TALCA,,Talca,Región del Maule ,"-35.4257615,-71.66543442233423","NP 2 TRANSPARENCIA-JURIDICA-ADQ. RESMAS DE PAPEL TAMAÑO OFICIO, DESPACHO A ZOCALO EDIFICIO 1 NORTE 797 TALCA, IMPUTACION A 1 P1 215-22-04-009Orden de Compra generada por invitación a compra ágil: 2291-887-COT24",Junio/2024,119702
I MUNICIPALIDAD DE YUMBEL,OHIGGINS N° 851 YUMBEL,Yumbel,Región del Biobío ,"-37.0978413,-72.561378",Resmas de papel para Liceo Municipal de Rio Claro,Junio/2024,1176494
ILUSTRE MUNICIPALIDAD DE PUTRE,,Putre,Región de Arica y Parinacota,"-18.196589699999997,-69.55992321144892",Serv. Impresion Gigantografia y Pulseras de papel para el dia 19/06 compra ágil: 4022-278-COT24,Junio/2024,240975
I MUNICIPALIDAD DE INDEPENDENCIA,,Independencia,Región Metropolitana de Santiago,"-33.4223596,-70.6550988","TINTAS EPSON 664 + RESMAS DE PAPEL, DIDECO,SOCIAL, MEMO 1089, ENTREGAR EN 2do PISO MUNICIPIO, C.ÁGIL2676-584-COT24, VFV",Junio/2024,226457
I MUNICIPALIDAD DE TALCAHUANO,DAEM TALCAHUANO TONGOY 220 HIGUERAS,Talcahuano,Región del Biobío ,"-36.71502995,-73.11464648527709","RESMAS PAPEL, LICEO B-22, TALCAHUANO",Junio/2024,750890
ILUSTRE MUNICIPALIDAD DE CHILLAN VIEJO,Juan Martínez de Rozas Nº797,Chillán Viejo,Región del Ñuble,"-36.62107315,-72.134018138704",RESMA PAPEL BODEGA,Junio/2024,6360122
CORP ADMINISTRATIVA DEL PODER JUDICIAL,,San Felipe,Región de Valparaíso ,"0,0",70 RESMAS DE PAPEL MUTIPROPOSITO.Orden de Compra generada por invitación a compra ágil: 682951-9-COT24,Junio/2024,265394
UNIVERSIDAD DE PLAYA ANCHA DE CIENCIAS DE LA EDUCACION,GRAN BRETAÑA Nº 40 PLAYA ANCHA,Valparaíso,Región de Valparaíso ,"-33.0313962,-71.6336972",SC 34206-34256-34424 (CPV) RESMAS PAPEL IMPRESIÓN TAMAÑO CARTA FACULTADES HUMANIDADES -CAMPUS SAN FELIPE - CIENCIAS DE LA SALUD ,Junio/2024,914735
I MUNICIPALIDAD DE CATEMU,Ignacio Carrera Pinto S/N ,Catemu,Región de Valparaíso ,"-32.7787138,-70.9630788","Orden de Compra: 4282-139-CM24 ""Adquisición de papel fotocopia Liceo (SEP)""",Julio/2024,1136569
I MUNICIPALIDAD DE COLTAUCO,"Departamento de Educación Municipal, Avenida Bernardo O’Higgins # 254",Coltauco,Región del Libertador General Bernardo O´Higgins,"-34.2878709,-71.0835889",Resmas papel oficio Y carta Escuela  G-80 Almendro,Julio/2024,996976
I MUNICIPALIDAD DE PROVIDENCIA,Pedro Valdivia N°963 ,Providencia,Región Metropolitana de Santiago,"-33.4322118,-70.609894",Adquisición de Papel Fotocopia Oficio para unidades municipales Julio-Agosto.,Julio/2024,4404785
I MUNICIPALIDAD DE SAN PABLO,,San Pablo,Región de los Lagos ,"-33.446576500000006,-70.74205082203748",PAPEL FOTOCOPIA PARA ESTABLECIMIENTOS EDUCACIONALES,Julio/2024,1605643
I MUNICIPALIDAD DE TIRUA,,Tirúa,Región del Biobío ,"-38.3442095,-73.4934201",Adq.Papel Fotocopia para DAEM fndo Subven2024,Julio/2024,370040
I MUNICIPALIDAD DE TOME,,Tomé,Región del Biobío ,"-36.617159,-72.958481","Compra de resmas de papel para el liceo Vicente Palacios, Tomé",Julio/2024,569712
I MUNICIPALIDAD DE YUMBEL,OHIGGINS N° 851 YUMBEL,Yumbel,Región del Biobío ,"-37.0978413,-72.561378",Resmas de papel oficio y carta para LGG,Julio/2024,1897931
I MUNICIPALIDAD PEDRO AGUIRRE CERDA,,Pedro Aguirre Cerda,Región Metropolitana de Santiago,"-33.4882382,-70.66398334128455",ADQUISICION DE RESMA DE PAPEL TAMAÑO CARTA / MAIS PPD / SOL. 752.,Julio/2024,88165
ILUSTRE MUNICIPALIDAD DE QUINTA NORMAL,"Av. Carrascal 4447, Quinta Normal",Quinta Normal,Región Metropolitana de Santiago,"-33.4220771,-70.6938233",PM 632 O/C N° 630 PAPEL FOTOCOPIA PARA LICENCIA DE CONDUCIR.,Julio/2024,2163836
SERVICIO AGRICOLA Y GANADERO,Bulnes 0309 piso 3,Punta Arenas,Región de Magallanes y de la Antártica,"-53.2949297,-70.36942178205214",ADQUISICIÓN RESMA PAPEL TAMAÑO OFICIO ,Julio/2024,265000
SERVICIO DE SALUD METROPOLITANA NORTE HOSPITAL SAN JOSE,,Independencia,Región Metropolitana de Santiago,"0,0","MENOR A 30 UTM. SE SOLICITA COD. 103-0095 PAPEL IMPRESION MULTIPROPOSITO A4 RS X500HJ., 1549-4834-COT24",Julio/2024,1976447
Hospital Villarrica,,Villarrica,Región de la Araucanía ,"-39.29529025,-72.21179948274484",1952-504-COT24 PAPEL IMPRESION HD 110 MM X 20 MT FOTO P/EX. ECOGR. - PAPEL REGISTRO P/DESFIBRILADOR NIHON KHODEN Z FOLD P-FQS50310 UD.,Julio/2024,1945793
I MUNICIPALIDAD DE CHILLAN,,Chillán,Región del Ñuble,"-36.60600385,-72.10426068496827",PAPEL FOTOCOPIA ,Julio/2024,155938
I MUNICIPALIDAD DE DONIHUE,,Doñihue,Región del Libertador General Bernardo O´Higgins,"-34.2265652,-70.96379143708843","Resmas de papel carta y oficio Escuela Lo Miranda, Orden de Compra generada por invitación a compra ágil: 4161-328-COT24",Julio/2024,703290
I MUNICIPALIDAD DE NINHUE,Arturo Prat 405,* ,Región del Ñuble,"-36.3926895,-72.39926491627112",PAPEL OFICIO-CARTA,Julio/2024,694662
I MUNICIPALIDAD DE TEMUCO,,Temuco,Región de la Araucanía ,"-38.7397933,-72.5909289",S374/SEP ADQ. DE RESMAS PAPEL PARA LICEO BICENTENARIO ORD N°64,Julio/2024,1939819
UNIVERSIDAD DE CHILE,,Santiago,Región Metropolitana de Santiago,"-33.443867,-70.6506654","Adquisición de papel para impresoras, según  cot., 5519-79-COT24.",Julio/2024,597999
UNIVERSIDAD DE CHILE,,Independencia,Región Metropolitana de Santiago,"-33.443867,-70.6506654",CML_ PAPEL FOTOCOPIA 1/2 CARTA RESMA 1000 HJ. P2 (STOCK)_5153-1452-COT24,Julio/2024,1832600
UNIVERSIDAD DE CHILE,,Independencia,Región Metropolitana de Santiago,"-33.443867,-70.6506654",CML_ PAPEL FOTOCOPIA 1/2 CARTA RESMA 1000 HJ. P1_5153-1451-COT24,Julio/2024,1882996
UNIVERSIDAD DE CHILE,,Independencia,Región Metropolitana de Santiago,"-33.443867,-70.6506654",CML_PAPEL DE IMPRESION BLANCO Y NEGRO REF-1216_5153-1045-COT24,Julio/2024,190400
Cámara de Diputados de Chile,Av. Argentina esq. Pedro Montt s/n° . Edif. Congreso Nacional,Valparaíso,Región de Valparaíso ,"-33.0478095,-71.60494215739004",Reposición papel de impresión,Agosto/2024,3131961
COMANDO DE APOYO A LA FUERZA,Orostegui 1650,Valdivia,Región de Los Ríos,"-39.8257969,-73.2320693",FOTOCOPIADO E IMPRESIÓN,Agosto/2024,9600000
Consultorio Miraflores,Miraflores 1369,Temuco,Región de la Araucanía ,"-3.4829888,-80.2233071",RC 595  PAPEL FOTOCOPIA CARTA,Agosto/2024,1199520
CORP ADMINISTRATIVA DEL PODER JUDICIAL,,San Antonio,Región de Valparaíso ,"0,0",Compra 023-2024 Resmas Papel OC generada por compra ágil: 682948-5-COT24,Agosto/2024,140122
CORP ADMINISTRATIVA DEL PODER JUDICIAL,"Edificio Plaza Poniente, Calle Uno Poniente N°1258, Piso 10",Talca,Región del Maule ,"0,0",COMPRA DE RESMAS DE PAPEL TAMAÑO OFICIO,Agosto/2024,1151325
CORP MUNICIPAL DE SERVICIOS Y DESARROLLO,,Maipú,Región Metropolitana de Santiago,"0,0",SC-50970/SEP/RESMAS TAMAÑO CARTA/LICEO JOSE IGNACIO ZENTENO/BOS,Agosto/2024,318920
DIRECCION DE ABASTECIMIENTO DE LA ARMADA,"PRAT 620, QUINTO PISO",Valparaíso,Región de Valparaíso ,"0,0",FOTOCOPIAS E IMPRESIONES MES DE JULIO AL 6 DE AGOSTO,Agosto/2024,708913
I MUNICIPALIDAD DE CABRERO,Las Delicias nº 355,Cabrero,Región del Biobío ,"-37.0381777,-72.40435503923746",Resmas de Oficio y carta OP Nº25,Agosto/2024,668364
I MUNICIPALIDAD DE CAUQUENES,,Cauquenes,Región del Maule ,"-35.9664532,-72.3152816",RESMAS E INSUMOS DE IMPRESIÓN,Agosto/2024,1952719
I MUNICIPALIDAD DE CHILLAN,"LOS BATALLONES 1573, CHILLAN, CESFAM ISABEL RIQUELME",Chillán,Región del Ñuble,"-36.60600385,-72.10426068496827",RESMAS DE CARTA Y OFICIO PARA CESFAM SOL DE ORIENTE,Agosto/2024,1997760
I MUNICIPALIDAD DE CURICO,,Curicó,Región del Maule ,"-34.98554105,-71.23854218545901",83375 RESMAS DE PAPEL CARTA Y OFICIO COLEGIO JAPÓN DE CURICÓ por invitación a compra ágil: 2440-1002-COT24,Agosto/2024,672469
I MUNICIPALIDAD DE LAGO RANCO,Calle Viña del Mar Nº345,Lago Ranco,Región de Los Ríos,"-40.32062645,-72.48012016715423",RESMA PAPEL TAMAÑO CARTA,Agosto/2024,661884
I MUNICIPALIDAD DE LAGO RANCO,Calle Viña del Mar Nº345,Lago Ranco,Región de Los Ríos,"-40.32062645,-72.48012016715423",RESMA PAPEL TAMAÑO OFICIO,Agosto/2024,669256
I MUNICIPALIDAD DE LEBU,RIOSECO 550,Lebu,Región del Biobío ,"-37.6109586,-73.6561279",Papel Fotocopia Escuela Arnoldo Ebensperger Richter,Agosto/2024,805868
I MUNICIPALIDAD DE LEBU,,Lebu,Región del Biobío ,"-37.6109586,-73.6561279",PAPEL FOTOCOPIA PARA ESC D-777,Agosto/2024,493850
I MUNICIPALIDAD DE LIMACHE,,Limache,Región de Valparaíso ,"-33.00074945,-71.26900073305762",Orden de Compra generada por invitación a compra ágil: 2211-910-COT24 PAPEL FOTOCOPIA SOL 340 DIDECO (RSH) ,Agosto/2024,127092
I MUNICIPALIDAD DE LIMACHE,,Limache,Región de Valparaíso ,"-33.00074945,-71.26900073305762",Sol. 354 Papel fotocopia Dideco,Agosto/2024,261354
I MUNICIPALIDAD DE LINARES,,Linares,Región del Maule ,"-35.5953791,-71.73159",ADQUSICION DE 30 CAJAS DE RESMAS TAMAÑO OFICIO PARA JARDINES INFANTILES VTF,Agosto/2024,615004
I MUNICIPALIDAD DE LOS ALAMOS DEPTO COMUNAL,Luis Saez Mora 509,* ,Región del Biobío ,"-37.6266115,-73.4609456",PAPEL FOTOCOPIA Y TINTAS ,Agosto/2024,1662430
I MUNICIPALIDAD DE PADRE LAS CASAS,Ramberga 760 ,Padre Las Casas,Región de la Araucanía ,"-38.77338615,-72.59711090989668",ADQ. PAPEL DE IMPRESION PARA EL DAEM (FDOS. SEP),Agosto/2024,765575
I MUNICIPALIDAD DE PERALILLO,,Peralillo,Región del Libertador General Bernardo O´Higgins,"-34.4783979,-71.478685",Orden de Compra generada por invitación a compra ágil: 3953-149-COT24 ADQUISICION RESMAS DE HOJAS DE PAPEL,Agosto/2024,1252118
I MUNICIPALIDAD DE QUINTA DE TILCOCO,Miguel Cuadra #224,Quinta de Tilcoco,Región del Libertador General Bernardo O´Higgins,"-34.3545415,-70.9646122",SERVICIOS DE IMPRESIONES Y FOTOCOPIAS COLEGIO VFC. SEP,Agosto/2024,217294
I MUNICIPALIDAD DE SALAMANCA,,Salamanca,Región de Coquimbo ,"-31.781005550000003,-70.96590110000001"," RESMAS PAPEL OFICIO,CARTA Y 15 PILAS 3V CR2032 CESFAM CHILLEPIN compra ágil: 3688-248-COT24",Agosto/2024,867510
I MUNICIPALIDAD DE SANTA MARIA," CALLE O´HIGGINS 843, SANTA MARIA",Algarrobo,Región de Valparaíso ,"-32.7483334,-70.6573003",ADQUISICIÓN DE RESMAS TAMAÑO OFICIO,Agosto/2024,264775
I MUNICIPALIDAD DE VICUNA,Chacabuco 502 ,Vicuña,Región de Coquimbo ,"-30.0335973,-70.7135638",ADQUISICION RESMAS DE PAPEL PARA ESCUELA DE PERALILLO (SEP),Agosto/2024,2254217
I MUNICIPALIDAD DE VILLARRICA,"General Urrutia N°375, DAEM",Villarrica,Región de la Araucanía ,"-39.2834528,-72.22640737221154","Adquisición de papel Fotocopia tamaño Oficio y Carta para el Liceo Politécnico Villarrica, Fondos SEP",Agosto/2024,963484
ILUSTRE MUNICIPALIDAD DE COLBUN,CALLE ADOLFO NOVOA 419,Colbún,Región del Maule ,"-35.6969121,-71.4017404",Resmas de papel para Depto. Educación y Escuela Néstor del Campo Arzola,Agosto/2024,993055
Ilustre Municipalidad de Lumaco,,Lumaco,Región de la Araucanía ,"-38.16528595,-72.90705579234537",Resmas de Hojas de Impresión CESFAM Lumaco,Agosto/2024,521651
ILUSTRE MUNICIPALIDAD DE MELIPILLA,,Melipilla,Región Metropolitana de Santiago,"-33.6856675,-71.2170676",ADQUISICIÓN DE PAPELERÍA PARA IMPRESIÓN compra ágil: 2674-777-COT24,Agosto/2024,721110
ILUSTRE MUNICIPALIDAD DE MOLINA ,YERBAS BUENAS 1389,Molina,Región del Maule ,"-35.1132184,-71.2800644","ORDEN DE COMPRA DESDE 2298-67-LE23 - SUMINISTRO PARA EL MANTENIMIENTO DE PERIFERICOS DE IMPRESION, PROVISIÓN DE INSUMOS Y SERVICIO DE IMPRESION Y FOTOCOPIADO MES JULIO",Agosto/2024,2128386
ILUSTRE MUNICIPALIDAD DE QUINTA NORMAL,,Quinta Normal,Región Metropolitana de Santiago,"-33.4220771,-70.6938233","SP 139. LICEO JUAN ANTONIO RÍOS: ADQUISICIÓN DE RESMAS DE PAPEL TAMAÑO CARTA Y OFICIO, ACCIÓN PME 2024. CTA. BANCARIA N° 9583262 SEP. O/C INT. 139",Agosto/2024,326655
Ilustre Municipalidad de Quirihue,Esmeralda	698,Quirihue,Región del Ñuble,"-36.282706399999995,-72.5396935462742",Resmas de papel,Agosto/2024,63700
ILUSTRE MUNICIPALIDAD DE RETIRO,,Retiro,Región del Maule ,"-36.057624,-71.7656583",RESMA TAMAÑO CARTA PARA ECONOMATO,Agosto/2024,1042083
Ilustre Municipalidad de Yerbas Buenas,Avda. Centenario 101,Yerbas Buenas,Región del Maule ,"-35.7477097,-71.5828535",SERVICIO DE IMPRESIÓN Y FOTOCOPIADO ESTABLECIMIENTOS Y DAEM,Agosto/2024,2286902
MINISTERIO PUBLICO,General Mackenna 1369 2º piso,Santiago Centro,Región Metropolitana de Santiago,"14.63783445,-90.51331443051151",RESMAS DE PAPEL,Agosto/2024,3268335
MUNICIPALIDAD DE CHOLCHOL,Pinto S/N,Chol Chol,Región de la Araucanía ,"-38.6024312,-72.848833",Resmas Oficio Departamento de Educacion,Agosto/2024,224850
MUNICIPALIDAD DE LOS ANDES,Avda. Chile 198,Los Andes,Región de Valparaíso ,"-3.5712608,-80.45911518406132",RESMAS DE PAPEL- LICEO MAX SALAS ORD. 151,Agosto/2024,1947078
MUNICIPALIDAD DE PEÑAFLOR,,Peñaflor,Región Metropolitana de Santiago,"-33.6077992,-70.90076096672388","E674  /  ADQUISICION DE RESMAS TAMAÑO CARTA, SOLICITADO POR ESCUELA ROSALINA PESCIO VARGAS.   //  Orden de Compra generada por invitación a compra ágil: 2733-294-COT24",Agosto/2024,325584
SERVICIO NACIONAL DE CAPACITACION Y EMPLEO,,Antofagasta,Región de Antofagasta ,"-33.4398105,-70.6550812",Resmas Papel Dirección Regional Antofagastal: 4712-47-COT24,Agosto/2024,190602
UNIVERSIDAD DE CHILE,Avda. Santa Rosa 11315,Santiago,Región Metropolitana de Santiago,"-33.443867,-70.6506654",Resmas de Papel,Agosto/2024,806106
UNIVERSIDAD DE TARAPACA,Jose Santos Leiva 070,Arica,Región de Arica y Parinacota,"-18.4901565,-70.2961677979052",Adquisición de papel fotocopia FACMED UTA,Agosto/2024,179300
CORP MUNICIPAL DE SERVICIOS Y DESARROLLO,Av. Pajaritos N° 2756 (Administración Central Codeduc),Maipú,Región Metropolitana de Santiago,"0,0",SC-50923/SEP/RESMAS TAMAÑO CARTA Y OFICIO/ESCUELA LAS AMERICAS/BOS,Agosto/2024,857788
I MUNICIPALIDAD DE CHIMBARONGO,JAVIERA CARRERA 511,Chimbarongo,Región del Libertador General Bernardo O´Higgins,"-34.70841905,-71.04118138529478",RESMAS CARTA Y OFICIO: 3730-647-CM24,Agosto/2024,4691456
I MUNICIPALIDAD DE CURICO,,Curicó,Región del Maule ,"-34.98554105,-71.23854218545901",82486  RESMA CARTA Y OFICIO ESCUELA REPÙBLICA ARGENTINA DE CURICÒ   por invitación a compra ágil: 2440-1086-COT24,Agosto/2024,671517
I MUNICIPALIDAD DE LONCOCHE,,Loncoche,Región de la Araucanía ,"-39.371356,-72.6306051","RESMAS DE PAPEL CARA Y OFICIO, ESCUELA ALBORADA",Agosto/2024,395675
I MUNICIPALIDAD DE RENAICO,,Renaico,Región de la Araucanía ,"-37.67150815,-72.58412355846157",ADQUISICIÓN DE PAPEL FOTOCOPIA PARA LICEO POLITÉCNICO D.S.M.,Agosto/2024,1260150
I MUNICIPALIDAD DE SAN NICOLAS,ARTURO PRAT 175,San Nicolás,Región del Ñuble,"-36.5031992,-72.2132577",RESMAS PARA FOTOCOPIAS DEL LICEO POLIVALENTE SAN NICOLÁS,Agosto/2024,1324768
I MUNICIPALIDAD ESTACION CENTRAL,,Estación Central,Región Metropolitana de Santiago,"-33.45433035,-70.68969016202331",S.M. 322 RESMAS OFICIO Y CARTA COLOR BLANCO 500 HOJAS   E-34 ESCUELA REPUBLICA DE AUSTRIA  compra ágil: 1195999-242-COT24,Agosto/2024,615230
I MUNICIPALIDAD PEDRO AGUIRRE CERDA,,Pedro Aguirre Cerda,Región Metropolitana de Santiago,"-33.4882382,-70.66398334128455",ADQUISICION DE RESMAS DE PAPEL SEGUN SE DETALLA / PROG MAIS / SOL. 1018.,Agosto/2024,151781
ILUSTRE MUNICIPALIDAD DE QUINTA NORMAL,"Av. Carrascal 4447, Quinta Normal",Quinta Normal,Región Metropolitana de Santiago,"-33.4220771,-70.6938233","SP 155. ESCUELA REINO DE NORUEGA: ADQUISICIÓN DE RESMAS DE PAPEL, ACCIÓN PME 2024. CTA. BANCARIA N° 9583262 SEP. O/C INT. 155",Agosto/2024,1343748
SUBSECRETARIA DE SALUD PUBLICA,San Joaquin 1801,La Serena,Región de Coquimbo ,"-33.4364407,-70.6468014","SERVICIO DE IMPRESION Y FOTOCOPIADO 36 MESES, SRMS4",Agosto/2024,78659
COMANDO DE APOYO A LA FUERZA,Avda. Baquedano Esq. Ejército sin número,Coyhaique,Región Aysén del General Carlos Ibáñez del Campo,"0,0",(F_PRESUP) ADQUISICIÓN DE RESMAS DE PAPEL PARA USO DE LAS UNIDADES DE LA GUARNICIÓN DE COYHAIQUE,Agosto/2024,1296178
CORP ADMINISTRATIVA DEL PODER JUDICIAL,,Chillán,Región del Ñuble,"0,0",RESMAS DE PAPEL TAMAÑO OFICIO MULTIPROPOSITO,Agosto/2024,895094
CORP MUNICIPAL DE SERVICIOS Y DESARROLLO,Av. Pajaritos N° 2756 (Administración Central Codeduc),Maipú,Región Metropolitana de Santiago,"0,0",SC-51059/SEP/RESMAS TAMAÑO CARTA Y OFICIO/LICEO MAIPU DE LAS ARTES Y LA TECNOLOGIA/BOS,Agosto/2024,909636
CORP MUNICIPAL DE SERVICIOS Y DESARROLLO,,Maipú,Región Metropolitana de Santiago,"0,0", SC-51182/SEP/RESMAS CARTA Y OFICIO/DIRECCION DE EDUCACION/BOS,Agosto/2024,198730
DELEGACIÓN PRESIDENCIAL REGIONAL DE LOS LAGOS,,Puerto Montt,Región de los Lagos ,"-42.4820754,-73.76553340612708",Adquisición resmas de papel tamaño oficio. Delegación Presidencial Regional.,Agosto/2024,218984
Hospital Santa Juana,Lautaro Nº 900,Santa Juana,Región del Biobío ,"38.995285,-1.8664506","Resma Carta, Oficio ",Agosto/2024,1428238
I MUNICIPALIDAD DE CONCON,SANTA LAURA   567,Concón,Región de Valparaíso ,"-32.9207636,-71.5155884",RESMAS PAPEL OFICO PARA ABASTECIMIENTO Orden de Compra: 2594-962-CM24,Agosto/2024,2543268
I MUNICIPALIDAD DE COPIAPO,"Acceso Sur N°425, Local A-1 Panamericana Sur",Copiapó,Región de Atacama ,"-27.3614606,-70.3289619",ADQUISICION RESMA DE PAPEL PARA LA SALA DE MULTICOPIADO,Agosto/2024,2304399
I MUNICIPALIDAD DE CORONEL,,Coronel,Región del Biobío ,"-37.0294737,-73.14622918699935",ESCUELA OCTAVIO SALINAS CARIAGA E -681 COMPRA DE RESMA DE CARTA Y OFICIO,Agosto/2024,1412768
I MUNICIPALIDAD DE CORONEL,,Coronel,Región del Biobío ,"-37.0294737,-73.14622918699935","Escuela ""Escuadrón"" 250 Resmas Carta y",Agosto/2024,1576810
I MUNICIPALIDAD DE CURICO,San Martín Nº 455,,,"-34.98554105,-71.23854218545901",84077 RESMAS DE PAPEL CARTA Y OFICIO ESCUELA ESPAÑA DE CURICÓ ,Agosto/2024,1686825
I MUNICIPALIDAD DE DONIHUE,,Doñihue,Región del Libertador General Bernardo O´Higgins,"-34.2265652,-70.96379143708843","Resmas papel fotocopia Colegio La Isla, Orden de Compra generada por invitación a compra ágil: 4161-409-COT24",Agosto/2024,701505
I MUNICIPALIDAD DE HUALQUI,,Hualqui,Región del Biobío ,"-36.97530075,-72.93833724820985",RESMA  CARTA Y OFICIO - ADM. Y FINANZAS,Agosto/2024,293287
I MUNICIPALIDAD DE LEBU,,Lebu,Región del Biobío ,"-37.6109586,-73.6561279",PAPEL FOTOCOPIA Y OTROS/ESC. PEHUEN,Agosto/2024,1041049
I MUNICIPALIDAD DE LONCOCHE,"Arturo Prat 590, segundo piso",Loncoche,Región de la Araucanía ,"-39.371356,-72.6306051","150 RESMAS CARTA Y 150 RESMAS OFICIO  EQUALIT,  ESCUELA ALBORADA",Agosto/2024,1133832
I MUNICIPALIDAD DE LOS ANGELES,CAUPOLICAN 399,Los Angeles,Región del Biobío ,"-37.47112635,-72.35064063866517",ADQUISICION DE RESMAS DE PAPEL PARA ESCUELA G-914 EL AMANECER DE DUQUECO,Agosto/2024,3395665
I MUNICIPALIDAD DE LOS ANGELES,CAUPOLICAN 399,Los Angeles,Región del Biobío ,"-37.47112635,-72.35064063866517",ADQUISICION DE RESMAS DE PAPEL PARA ALUMNOS ESCUELA F-887 ISLA DEL LAJA,Agosto/2024,4450552
I MUNICIPALIDAD DE PIRQUE,,Pirque,Región Metropolitana de Santiago,"-33.6347039,-70.5728392",Kit Set Tintas y Papel para impresora Selphy Cannon KP-108IN - 2719-387-COT24,Agosto/2024,499562
I MUNICIPALIDAD DE RENCA,"Jose Manuel Balmaceda 4020, Bodega Municipal",Renca,Región Metropolitana de Santiago,"-33.40444395,-70.70419786351897",Resmas Carta y Oficio para el correcto funcionamiento de los distintos departamentos municipales SP 466 - IDDOC 191866 2/2,Agosto/2024,3133579
I MUNICIPALIDAD DE SALAMANCA,Manuel Bulnes 599,Salamanca,Región de Coquimbo ,"-31.781005550000003,-70.96590110000001",RESMAS CARTAS Y OFICIO ,Agosto/2024,1262471
I MUNICIPALIDAD DE SANTA JUANA,Irarrazabal 135,Santa Juana,Región del Biobío ,"-37.1744663,-72.9367769",PAPEL FOTOCOPIA OFICINAS MUNICIPALES ,Agosto/2024,2514708
I MUNICIPALIDAD DE TALCA,DIRECCION COMUNAL DE EDUCACION MUNICIPAL 4 ORIENTE N°	1280 TALCA,,,"-35.4257615,-71.66543442233423",PAPEL IMPRESION ESCUELA VILLA CULENAR // SEP // Orden de Compra: 2294-1566-CM24,Agosto/2024,1232721
I MUNICIPALIDAD DE TALCA,DIRECCION COMUNAL DE EDUCACION MUNICIPAL 4 ORIENTE N°	1280 TALCA,Talca,Región del Maule ,"-35.4257615,-71.66543442233423",PAPEL IMPRESION UNIDAD DE ADQUISICIONES DAEM // SUBV. REGULAR // Orden de Compra: 2294-1576-CM24,Agosto/2024,828335
I MUNICIPALIDAD DE TEMUCO,Gral. Aldunate #51,Temuco,Región de la Araucanía ,"-38.7397933,-72.5909289","SCHC 309 Adquisición de (2134) resmas de papel Carta (periodo septiembre-Diciembre 2024), para Stock Bodega General  5061-877-CM24",Agosto/2024,6589899
I MUNICIPALIDAD DE TEMUCO,Gral. Aldunate #51,Temuco,Región de la Araucanía ,"-38.7397933,-72.5909289","SCHC 308 Adquisición de (1820 ) resmas de papel oficio (periodo septiembre-Diciembre 2024), para Stock Bodega General  5061-876-CM24",Agosto/2024,6584032
I MUNICIPALIDAD DE VICUNA,Chacabuco 502 ,Vicuña,Región de Coquimbo ,"-30.0335973,-70.7135638",ADQUISICION RESMAS DE PAPEL PARA ESCUELA DE PERALILLO (SEP),Agosto/2024,2863438
I MUNICIPALIDAD ESTACION CENTRAL,,Estación Central,Región Metropolitana de Santiago,"-33.45433035,-70.68969016202331",S.M. 298  PAPEL IMPRESIÓN RESMA CARTA Y OFICIO COLOR BLANCO  E-34 ESCUELA REPUBLICA DE AUSTRIA compra ágil: 1195999-259-COT24,Agosto/2024,342720
I MUNICIPALIDAD ESTACION CENTRAL,,Estación Central,Región Metropolitana de Santiago,"-33.45433035,-70.68969016202331",S.M. 407  RESMAS OFICIO Y CARTA  D-260  ESCUELA BÁSICA PROFESOR RAMÓN DEL RÍO compra ágil: 1195999-332-COT24,Agosto/2024,1059017
I MUNICIPALIDAD VALDIVIA,,Valdivia,Región de Los Ríos,"-39.812843099999995,-73.24694851875219","7, SP.97218 - SEP - ESCUELA ESPAÑA, ADQ. ADQ. PAPEL FOTOCOPIA TAMAÑO CARTA Y OFICIO.",Agosto/2024,1800470
Ilustre Municipalidad de Quirihue,Esmeralda	698,Quirihue,Región del Ñuble,"-36.282706399999995,-72.5396935462742",Resmas carta y oficio ,Agosto/2024,53500
MINISTERIO DE BIENES NACIONALES,"UNO ORIENTE 1150, PISO 3, TALCA",,,"-33.4432519,-70.64647013760111",Adquisición resma oficio y carta,Agosto/2024,1166676
MINISTERIO DE OBRAS PUBLICAS DIREC CION GRAL DE OO PP DCYF,"Bulnes 897, pisos 9 y 10",Temuco,Región de la Araucanía ,"0,0",ADRIAN ULLOA - SERV. FOTOCOPIAS Y IMPRESIONES,Agosto/2024,97899
MINISTERIO DE OBRAS PUBLICAS DIREC CION GRAL DE OO PP DCYF,,Concepción,Región del Biobío ,"0,0",Papel fotocopia,Agosto/2024,385013
MUNICIPALIDAD DE LOS ANDES,Avda. Chile 198,Los Andes,Región de Valparaíso ,"-3.5712608,-80.45911518406132",RESMAS PAPEL- ESCUELA I. CARRERA PINTO ORD. 145,Agosto/2024,1557662
SERVICIO DE SALUD HOSPITAL DE NANCAGUA,18 de Septiembre  464,Nancagua,Región del Libertador General Bernardo O´Higgins,"-34.649566899999996,-71.20439138911156",RESMAS PAPEL : 1624-184-CM24,Agosto/2024,1292661
SERVICIO LOCAL DE EDUCACION PÚBLICA DE ATACAMA,,Copiapó,Región de Atacama ,"0,0",MSA/PROGRAMA HABILIDADES PARA LA VIDA III COPIAPO/ RESMAS DE PAPEL/MEMORANDUM Nº103.,Agosto/2024,53621
UNIVERSIDAD DE CHILE,,Independencia,Región Metropolitana de Santiago,"-33.443867,-70.6506654",CML_PAPEL FOTOCOPIA 1/2 CARTA RESMA 1000 HJ.(STOCK P1)_5153-1668-COT24,Agosto/2024,1467330
UNIVERSIDAD DE VALPARAISO,"Serrano Nº 546, Sector Puerto",Viña del Mar,Región de Valparaíso ,"-33.04391915,-71.61711731823237",Concesión Fotocopiado e Impresión Fac. Hunamidades,Agosto/2024,1
CORP ADMINISTRATIVA DEL PODER JUDICIAL,,Melipilla,Región Metropolitana de Santiago,"0,0",Resmas oficio 731754-28-COT24,Agosto/2024,459816
CORP ADMINISTRATIVA DEL PODER JUDICIAL,"18 de Septiembre 246, piso 6, Edificio 18S",Chillán,Región del Ñuble,"0,0",Adquisición de papel oficio ,Agosto/2024,1600681
CORP MUNICIPAL DE SERVICIOS Y DESARROLLO,,Maipú,Región Metropolitana de Santiago,"0,0", SC-51134/SEP/RESMAS TAMAÑO OFICIO Y CARTA/DEPARTAMENTO DE PLANIFICACION Y GESTION/BOS,Agosto/2024,280602
DIRECCION GENERAL DE GENDARMERIA DE CHIL,,Alto Hospicio,Región de Tarapacá  ,"0,0",CP ALTO HOSPICIO/PAPEL MULTIPROPOSITO PARA IMPRESION Orden de Compra generada por invitación a compra ágil: 1407-52-COT24,Agosto/2024,628500
HOSPITAL COMPLEJO ASISTENCIAL PADRE LAS CASAS,"RUTA 194, KM 0,7 LOCALIDAD MAQUEHUE S/N",Padre Las Casas,Región de la Araucanía ,"-38.76739775,-72.61636680788058",PAPEL FOTOCOPIA CARTA STOCK BODEGA GENERAL SEGUN PROGRAMACION MENSUAL ,Agosto/2024,5122950
I MUNICIPALIDAD DE CANETE,ARTURO PRAT 220 ,Cañete,Región del Biobío ,"-37.79972,-73.3991188",ADQUISICIÓN DE RESMAS CARTA Y OFICIO PARA ESCUELA G-829- FONDOS SEP 90%,Agosto/2024,753270
I MUNICIPALIDAD DE LA COMUNA DE EL BOSQUE,JAVIERA CARRERA 736,El Bosque,Región Metropolitana de Santiago,"-33.5566265,-70.66570109640884",PAGO SERV. DE IMPRESIÓN Y FOTOCOPIADO.,Agosto/2024,6561843
I MUNICIPALIDAD DE LA COMUNA DE EL BOSQUE,JAVIERA CARRERA 736,El Bosque,Región Metropolitana de Santiago,"-33.5566265,-70.66570109640884",PAGO SERV. DE IMPRESIÓN Y FOTOCOPIADO SALUD,Agosto/2024,2531825
I MUNICIPALIDAD DE LA UNION,,La Unión,Región de Los Ríos,"-40.2947882,-73.0829831009254","ADQUISICIÓN RESMAS DE PAPEL FOTOCOPIA TAMAÑO CARTA Y OFICIO Y CARTULINAS PARA ESCUELA PUERTO NUEVO ORD. N°141 FONDOS SEP, PROVENIENTE DE COTIZACIÓN ÁGIL 3335-967-COT24",Agosto/2024,634008
I MUNICIPALIDAD DE MAULE,,Maule,Región del Maule ,"-35.5243911,-71.6919823",RESMAS TAMAÑO CARTA Y OFICIO,Agosto/2024,822112
I MUNICIPALIDAD DE MOSTAZAL,LUCO 400,Mostazal,Región del Libertador General Bernardo O´Higgins,"-33.98006625,-70.71155859430769",RESMAS CARTA,Agosto/2024,2083452
I MUNICIPALIDAD DE NINHUE,Arturo Prat 405,* ,Región del Ñuble,"-36.3926895,-72.39926491627112",PAPEL OFICIO,Agosto/2024,268845
I MUNICIPALIDAD DE OSORNO,,Osorno,Región de los Lagos ,"-40.5746591,-73.1358139","ADQUISICION RESMAS PAPEL OFICIO PARA ESCUELA RURAL FORRAHUE, FONDOS SEP. Orden de Compra generada por invitación a compra ágil: 2306-1037-COT24",Agosto/2024,196826
I MUNICIPALIDAD DE PADRE HURTADO,Despacho Único: Camino San Alberto Hurtado 3295 ,Padre Hurtado,Región Metropolitana de Santiago,"-33.5777754,-70.8245551",Resmas Oficio. S.C 3416,Agosto/2024,1525580
I MUNICIPALIDAD DE PADRE LAS CASAS,,Padre Las Casas,Región de la Araucanía ,"-38.77338615,-72.59711090989668",ADQ. PAPEL DE IMPRESIÓN Y PILAS PARA ESC. COLPANAO (FDOS. SEP),Agosto/2024,855848
I MUNICIPALIDAD DE TALCA,DIRECCION COMUNAL DE EDUCACION MUNICIPAL 4 ORIENTE N°	1280 TALCA,Talca,Región del Maule ,"-35.4257615,-71.66543442233423",PAPEL IMPRESION ESCUELA BASICA TALCA // SEP // Orden de Compra: 2294-1615-CM24,Agosto/2024,7530320
I MUNICIPALIDAD ESTACION CENTRAL,,Estación Central,Región Metropolitana de Santiago,"-33.45433035,-70.68969016202331",S.M. 391 RESMAS TAMAÑO OFICIO Y CARTA- COMPAS METALICO E-53 ESCUELA ARNALDO FALABELLA   compra ágil: 1195999-341-COT24,Agosto/2024,322312
Ilustre Municipalidad de Yerbas Buenas,,Yerbas Buenas,Región del Maule ,"-35.7477097,-71.5828535",RESMAS DE PAPEL PARA EL LICEO JUAN GOMEZ MILLAS,Agosto/2024,537214
Municipalidad de Huechuraba,Premio Nobel  5555,Huechuraba,Región Metropolitana de Santiago,"-33.36016185,-70.68678089682511",Resmas para impresión establecimientos educacionales de Huechuraba. ,Agosto/2024,3298740
SERV SALUD METROPOLITANO CENTRAL HOSPITAL CLINICO SAN BORJA ARRIARAN,Santa Rosa 1234,Santiago,Región Metropolitana de Santiago,"14.3146042,121.1137466",JLL CONTRATACION DIRECTA SERVICIO DE IMPRESIÓN FOTOCOPIADO Y SERVICIOS ASOCIADOS PARA EL HOSPITAL CLÍNICO SAN BORJA ARRIARÁN RESOL. EXENTA N° 1978 09.08.24/ INT. 1238/2024 ORDEN DE COMPRA INICIAL DE CONTRATO. ,Agosto/2024,1
SERVICIO DE SALUD SUR HOSPITAL EXEQUIEL,Gran Avenida Jose Miguel Carrera Nº3300,San Miguel,Región Metropolitana de Santiago,"0,0",Resmas tamaño carta y oficio,Agosto/2024,813484
CORP MUNICIPAL DE SERVICIOS Y DESARROLLO,Av. Pajaritos N° 2756 (Administración Central Codeduc),Maipú,Región Metropolitana de Santiago,"0,0","SC-51114, 51115/SEP/RESMAS TAMAÑO OFICIO/LICEO BICENTENARIO DE NIÑAS/JFM.",Agosto/2024,2997194
I MUNICIPALIDAD DE CURICO,,Curicó,Región del Maule ,"-34.98554105,-71.23854218545901",82676  RESMA CARTA Y OFICIO COLEGIO GABRIELA MISTRAL DE CURICÒ   por invitación a compra ágil: 2440-1167-COT24,Agosto/2024,253214
I MUNICIPALIDAD DE INDEPENDENCIA,INDEPENDENCIA 753,Independencia,Región Metropolitana de Santiago,"-33.4223596,-70.6550988",150 RESMAS TAMAÑO OFICIO 300 RESMA TAMAÑO CARTA ,Agosto/2024,1673616
I MUNICIPALIDAD DE LA COMUNA DE EL BOSQUE,JAVIERA CARRERA 736,El Bosque,Región Metropolitana de Santiago,"-33.5566265,-70.66570109640884",PAGO SERV. DE IMPRESIÓN Y FOTOCOPIADO EDUCACIÓN,Agosto/2024,455887
I MUNICIPALIDAD DE LA UNION,Arturo Prat 680,La Unión,Región de Los Ríos,"-40.2947882,-73.0829831009254",RESMAS DE PAPEL PARA STOCK MUNICIPA / 60125,Agosto/2024,1127525
I MUNICIPALIDAD DE LA UNION,Cayetano Letelier  N° 589,La Unión,Región de Los Ríos,"-40.2947882,-73.0829831009254","ADQUISICIÓN DE RESMAS DE OFICIO Y CARTA PARA LICEO RECTOR ABDÓN ANDRADE COLOMA ORD. N°310, LEY SEP",Agosto/2024,2301460
I MUNICIPALIDAD DE LOS ALAMOS DEPTO COMUNAL,Luis Saez Mora 509,* ,Región del Biobío ,"-37.6266115,-73.4609456",PAPEL FOTOCOPIA,Agosto/2024,1108485
I MUNICIPALIDAD DE LOS LAGOS,San Martin  1,Los Lagos,Región de Los Ríos,"-39.86322795,-72.81662579578243",Compra Resmas Papel / Escuela Nueva España.,Agosto/2024,3527160
I MUNICIPALIDAD DE LOS LAGOS,,Los Lagos,Región de Los Ríos,"-39.86322795,-72.81662579578243",Compra Resmas Papel / Escuela Nueva España.,Agosto/2024,563584
I MUNICIPALIDAD DE LOTA,,Lota,Región del Biobío ,"-37.09436645,-73.15542601551155"," RESMA CARTA, ESPACIOS AMIGABLES, SOLICITUD 199",Agosto/2024,330820
I MUNICIPALIDAD DE PADRE LAS CASAS,Ramberga 760 ,Padre Las Casas,Región de la Araucanía ,"-38.77338615,-72.59711090989668",ADQ. PAPEL DE IMPRESIÓN PARA ESC.TRUF TRUF (FDOS. PIE),Agosto/2024,755888
I MUNICIPALIDAD DE PANGUIPULLI,,Panguipulli,Región de Los Ríos,"-39.641611,-72.3323027","ADQUISICIÓN DE PAPEL FOTOCOPIA A3, COMPRA AGIL: 3568-727-COT24",Agosto/2024,108956
I MUNICIPALIDAD DE QUINTERO,Calle Arturo Prat N° 1960 ,Quintero,Región de Valparaíso ,"-32.785385,-71.5276923",RESMAS OFICIO Y CARTA PARA COLEGIO VALLE DE NARAU - PIE,Agosto/2024,807772
I MUNICIPALIDAD DE RENAICO,,Renaico,Región de la Araucanía ,"-37.67150815,-72.58412355846157","HOJAS DE IMPRESION TAMAÑO CARTA Y OFICIO, PARA ESCUELA LOS NOGALES.",Agosto/2024,356762
I MUNICIPALIDAD DE VALPARAISO,,Valparaíso,Región de Valparaíso ,"-33.051604749999996,-71.60283796993087"," Adquisición de papel fotocopia Prog. Atención Inicial, Dirección de Genero ",Agosto/2024,73899
I MUNICIPALIDAD ESTACION CENTRAL,,Estación Central,Región Metropolitana de Santiago,"-33.45433035,-70.68969016202331",S.M. 453 RESMA PAPEL FOTOCOPIA MULTIPROPOSITO TAMAÑO CARTA D-277 ESCUELA ESTADO DE PALESTINA compra ágil: 1195999-401-COT24,Agosto/2024,837198
SERVICIO DE SALUD ANTOFAGASTA HOSP C CIS,"AVDA GRAU 1490, CALAMA",Calama,Región de Antofagasta ,"0,0",RESMAS DE CARTA2215-2099-CM24,Agosto/2024,4686220
SERVICIO DE SALUD VINA DEL MAR QUILLOTA,LA CONCEPCION 1050,,,"-33.04779205,-71.35903278381922",RESMAS OFICIO Y CARTA Orden de Compra: 1704-3928-CM24,Agosto/2024,3653716
SERVICIO ELECTORAL,Sin dirección Registrada para Unidad de Compra,Santiago,Región Metropolitana de Santiago,"-35.4263146,-71.66314927659991","870 - Adquisición de resmas de papel oficio blanco a utilizar en Elecciones Generales de Gobernadores Regionales, Consejeros Regionales, Alcaldes y Concejales 2024 (UD_18/LP/501-910/2403001/423/ORC)",Agosto/2024,695848
SERVICIO LOCAL DE EDUCACION PÚBLICA DE ATACAMA,Chañarcillo 550,Copiapó,Región de Atacama ,"-29.083333,-70.133333",MSA/P02 SEO RBD-405 ESCUELA LOS ESTANDARTES-ADQUISICION DE RESMAS DE PAPEL/ORD.23.-,Agosto/2024,3598560
UNIVERSIDAD DE CHILE,DR. CARLOS LORCA 999,Independencia,Región Metropolitana de Santiago,"-33.443867,-70.6506654",CML_PAPEL FOTOCOPIA OFICIO_5153-1818-CM24,Agosto/2024,4587450
UNIVERSIDAD DE CHILE,,Santiago,Región Metropolitana de Santiago,"-33.443867,-70.6506654",Resmas de papel,Agosto/2024,314160
UNIVERSIDAD DE CHILE,,Santiago,Región Metropolitana de Santiago,"-33.443867,-70.6506654",Compra ágil: 5537-133-COT24 Resmas de papel tamaño carta,Agosto/2024,772012
UNIVERSIDAD DE LOS LAGOS,Los Carrera 678 Castro,Castro,Región de los Lagos ,"-41.4704541,-72.94264941439984",RESMAS DE PAPEL SEDE CHILOÉ,Agosto/2024,1003063
UNIVERSIDAD DE TALCA,,Talca,Región del Maule ,"-35.405594050000005,-71.63474176574374", 2-30325 PAPEL RESMA CARTA: 1469-2515-COT24,Agosto/2024,89857
